

Microchip MPLAB XC8 Assembler V3.10 build 20250813170317 
                                                                                               Sun Nov 16 18:53:47 2025

Microchip MPLAB XC8 C Compiler v3.10 (Free license) build 20250813170317 Og1 
     1                           	processor	18F2520
     2                           	fnconf	rparam,??,?,0
     3                           	pagewidth 120
     4                           	opt	flic
     5                           	psect	smallconst,global,reloc=2,class=SMALLCONST,space=0,delta=1,noexec
     6                           	psect	cinit,global,reloc=2,class=CODE,space=0,delta=1
     7                           	psect	bssCOMRAM,global,class=COMRAM,space=1,delta=1,lowdata,noexec
     8                           	psect	bssBANK0,global,class=BANK0,space=1,delta=1,lowdata,noexec
     9                           	psect	cstackCOMRAM,global,class=COMRAM,space=1,delta=1,lowdata,noexec
    10                           	psect	text0,global,reloc=2,class=CODE,space=0,delta=1
    11                           	psect	text1,global,reloc=2,class=CODE,space=0,delta=1,group=3
    12                           	psect	text2,global,reloc=2,class=CODE,space=0,delta=1,group=1
    13                           	psect	text3,global,reloc=2,class=CODE,space=0,delta=1,group=1
    14                           	psect	text4,global,reloc=2,class=CODE,space=0,delta=1,group=3
    15                           	psect	text5,global,reloc=2,class=CODE,space=0,delta=1,group=3
    16                           	psect	text6,global,reloc=2,class=CODE,space=0,delta=1,group=3
    17                           	psect	text7,global,reloc=2,class=CODE,space=0,delta=1,group=2
    18                           	psect	text8,global,reloc=2,class=CODE,space=0,delta=1,group=2
    19                           	psect	text9,global,reloc=2,class=CODE,space=0,delta=1
    20                           	psect	text10,global,reloc=2,class=CODE,space=0,delta=1
    21                           	psect	text11,global,reloc=2,class=CODE,space=0,delta=1
    22                           	psect	text12,global,reloc=2,class=CODE,space=0,delta=1
    23                           	psect	text13,global,reloc=2,class=CODE,space=0,delta=1
    24                           	psect	text14,global,reloc=2,class=CODE,space=0,delta=1,group=2
    25                           	psect	text15,global,reloc=2,class=CODE,space=0,delta=1,group=2
    26                           	psect	text16,global,reloc=2,class=CODE,space=0,delta=1,group=2
    27                           	psect	text17,global,reloc=2,class=CODE,space=0,delta=1
    28                           	psect	text18,global,reloc=2,class=CODE,space=0,delta=1
    29                           	psect	text19,global,reloc=2,class=CODE,space=0,delta=1
    30                           	psect	text20,global,reloc=2,class=CODE,space=0,delta=1
    31                           	psect	text21,global,reloc=2,class=CODE,space=0,delta=1
    32                           	psect	text22,global,reloc=2,class=CODE,space=0,delta=1
    33                           	psect	text23,global,reloc=2,class=CODE,space=0,delta=1
    34                           	psect	intsave_regs,global,class=BIGRAM,space=1,delta=1,noexec
    35                           	psect	rparam,global,class=COMRAM,space=1,delta=1,noexec
    36                           	psect	idloc,global,abs,ovrld,class=IDLOC,space=5,delta=1,noexec
    37                           	psect	config,global,abs,ovrld,class=CONFIG,space=4,delta=1,noexec
    38   000000                     
    39                           ; Version 2.20
    40                           ; Generated 12/02/2020 GMT
    41                           ; 
    42                           ; Copyright © 2020, Microchip Technology Inc. and its subsidiaries ("Microchip")
    43                           ; All rights reserved.
    44                           ; 
    45                           ; This software is developed by Microchip Technology Inc. and its subsidiaries ("Microch
      +                          ip").
    46                           ; 
    47                           ; Redistribution and use in source and binary forms, with or without modification, are
    48                           ; permitted provided that the following conditions are met:
    49                           ; 
    50                           ;     1. Redistributions of source code must retain the above copyright notice, this lis
      +                          t of
    51                           ;        conditions and the following disclaimer.
    52                           ; 
    53                           ;     2. Redistributions in binary form must reproduce the above copyright notice, this 
      +                          list
    54                           ;        of conditions and the following disclaimer in the documentation and/or other
    55                           ;        materials provided with the distribution.
    56                           ; 
    57                           ;     3. Microchip's name may not be used to endorse or promote products derived from th
      +                          is
    58                           ;        software without specific prior written permission.
    59                           ; 
    60                           ; THIS SOFTWARE IS PROVIDED BY MICROCHIP "AS IS" AND ANY EXPRESS OR IMPLIED WARRANTIES,
    61                           ; INCLUDING, BUT NOT LIMITED TO, THE IMPLIED WARRANTIES OF MERCHANTABILITY AND FITNESS F
      +                          OR
    62                           ; PURPOSE ARE DISCLAIMED.  IN NO EVENT SHALL MICROCHIP BE LIABLE FOR ANY DIRECT, INDIREC
      +                          T,
    63                           ; INCIDENTAL, SPECIAL, EXEMPLARY, OR CONSEQUENTIAL DAMAGES (INCLUDING BUT NOT LIMITED TO
    64                           ; PROCUREMENT OF SUBSTITUTE GOODS OR SERVICES; LOSS OF USE, DATA OR PROFITS; OR BUSINESS
    65                           ; INTERRUPTION) HOWSOEVER CAUSED AND ON ANY THEORY OF LIABILITY, WHETHER IN CONTRACT, ST
      +                          RICT
    66                           ; LIABILITY, OR TORT (INCLUDING NEGLIGENCE OR OTHERWISE) ARISING IN ANY WAY OUT OF THE U
      +                          SE OF
    67                           ; THIS SOFTWARE, EVEN IF ADVISED OF THE POSSIBILITY OF SUCH DAMAGE.
    68                           ; 
    69                           ; 
    70                           ; Code-generator required, PIC18F2520 Definitions
    71                           ; 
    72                           ; SFR Addresses
    73   000FE0                     bsr             equ	4064
    74   000FE9                     fsr0            equ	4073
    75   000FEA                     fsr0h           equ	4074
    76   000FE9                     fsr0l           equ	4073
    77   000FE1                     fsr1            equ	4065
    78   000FE2                     fsr1h           equ	4066
    79   000FE1                     fsr1l           equ	4065
    80   000FD9                     fsr2            equ	4057
    81   000FDA                     fsr2h           equ	4058
    82   000FD9                     fsr2l           equ	4057
    83   000FEF                     indf0           equ	4079
    84   000FE7                     indf1           equ	4071
    85   000FDF                     indf2           equ	4063
    86   000FF2                     intcon          equ	4082
    87   000000                     nvmcon          equ	0
    88   000FF9                     pcl             equ	4089
    89   000FFA                     pclath          equ	4090
    90   000FFB                     pclatu          equ	4091
    91   000FEB                     plusw0          equ	4075
    92   000FE3                     plusw1          equ	4067
    93   000FDB                     plusw2          equ	4059
    94   000FED                     postdec0        equ	4077
    95   000FE5                     postdec1        equ	4069
    96   000FDD                     postdec2        equ	4061
    97   000FEE                     postinc0        equ	4078
    98   000FE6                     postinc1        equ	4070
    99   000FDE                     postinc2        equ	4062
   100   000FEC                     preinc0         equ	4076
   101   000FE4                     preinc1         equ	4068
   102   000FDC                     preinc2         equ	4060
   103   000FF3                     prod            equ	4083
   104   000FF4                     prodh           equ	4084
   105   000FF3                     prodl           equ	4083
   106   000FD8                     status          equ	4056
   107   000FF5                     tablat          equ	4085
   108   000FF6                     tblptr          equ	4086
   109   000FF7                     tblptrh         equ	4087
   110   000FF6                     tblptrl         equ	4086
   111   000FF8                     tblptru         equ	4088
   112   000FFD                     tosl            equ	4093
   113   000FE8                     wreg            equ	4072
   114   000F80                     PORTA           equ	3968	;# 
   115   000F81                     PORTB           equ	3969	;# 
   116   000F82                     PORTC           equ	3970	;# 
   117   000F84                     PORTE           equ	3972	;# 
   118   000F89                     LATA            equ	3977	;# 
   119   000F8A                     LATB            equ	3978	;# 
   120   000F8B                     LATC            equ	3979	;# 
   121   000F92                     TRISA           equ	3986	;# 
   122   000F92                     DDRA            equ	3986	;# 
   123   000F93                     TRISB           equ	3987	;# 
   124   000F93                     DDRB            equ	3987	;# 
   125   000F94                     TRISC           equ	3988	;# 
   126   000F94                     DDRC            equ	3988	;# 
   127   000F9B                     OSCTUNE         equ	3995	;# 
   128   000F9D                     PIE1            equ	3997	;# 
   129   000F9E                     PIR1            equ	3998	;# 
   130   000F9F                     IPR1            equ	3999	;# 
   131   000FA0                     PIE2            equ	4000	;# 
   132   000FA1                     PIR2            equ	4001	;# 
   133   000FA2                     IPR2            equ	4002	;# 
   134   000FA6                     EECON1          equ	4006	;# 
   135   000FA7                     EECON2          equ	4007	;# 
   136   000FA8                     EEDATA          equ	4008	;# 
   137   000FA9                     EEADR           equ	4009	;# 
   138   000FAB                     RCSTA           equ	4011	;# 
   139   000FAB                     RCSTA1          equ	4011	;# 
   140   000FAC                     TXSTA           equ	4012	;# 
   141   000FAC                     TXSTA1          equ	4012	;# 
   142   000FAD                     TXREG           equ	4013	;# 
   143   000FAD                     TXREG1          equ	4013	;# 
   144   000FAE                     RCREG           equ	4014	;# 
   145   000FAE                     RCREG1          equ	4014	;# 
   146   000FAF                     SPBRG           equ	4015	;# 
   147   000FAF                     SPBRG1          equ	4015	;# 
   148   000FB0                     SPBRGH          equ	4016	;# 
   149   000FB1                     T3CON           equ	4017	;# 
   150   000FB2                     TMR3            equ	4018	;# 
   151   000FB2                     TMR3L           equ	4018	;# 
   152   000FB3                     TMR3H           equ	4019	;# 
   153   000FB4                     CMCON           equ	4020	;# 
   154   000FB5                     CVRCON          equ	4021	;# 
   155   000FB6                     ECCP1AS         equ	4022	;# 
   156   000FB6                     ECCPAS          equ	4022	;# 
   157   000FB7                     PWM1CON         equ	4023	;# 
   158   000FB7                     ECCP1DEL        equ	4023	;# 
   159   000FB8                     BAUDCON         equ	4024	;# 
   160   000FB8                     BAUDCTL         equ	4024	;# 
   161   000FBA                     CCP2CON         equ	4026	;# 
   162   000FBB                     CCPR2           equ	4027	;# 
   163   000FBB                     CCPR2L          equ	4027	;# 
   164   000FBC                     CCPR2H          equ	4028	;# 
   165   000FBD                     CCP1CON         equ	4029	;# 
   166   000FBE                     CCPR1           equ	4030	;# 
   167   000FBE                     CCPR1L          equ	4030	;# 
   168   000FBF                     CCPR1H          equ	4031	;# 
   169   000FC0                     ADCON2          equ	4032	;# 
   170   000FC1                     ADCON1          equ	4033	;# 
   171   000FC2                     ADCON0          equ	4034	;# 
   172   000FC3                     ADRES           equ	4035	;# 
   173   000FC3                     ADRESL          equ	4035	;# 
   174   000FC4                     ADRESH          equ	4036	;# 
   175   000FC5                     SSPCON2         equ	4037	;# 
   176   000FC6                     SSPCON1         equ	4038	;# 
   177   000FC7                     SSPSTAT         equ	4039	;# 
   178   000FC8                     SSPADD          equ	4040	;# 
   179   000FC9                     SSPBUF          equ	4041	;# 
   180   000FCA                     T2CON           equ	4042	;# 
   181   000FCB                     PR2             equ	4043	;# 
   182   000FCB                     MEMCON          equ	4043	;# 
   183   000FCC                     TMR2            equ	4044	;# 
   184   000FCD                     T1CON           equ	4045	;# 
   185   000FCE                     TMR1            equ	4046	;# 
   186   000FCE                     TMR1L           equ	4046	;# 
   187   000FCF                     TMR1H           equ	4047	;# 
   188   000FD0                     RCON            equ	4048	;# 
   189   000FD1                     WDTCON          equ	4049	;# 
   190   000FD2                     HLVDCON         equ	4050	;# 
   191   000FD2                     LVDCON          equ	4050	;# 
   192   000FD3                     OSCCON          equ	4051	;# 
   193   000FD5                     T0CON           equ	4053	;# 
   194   000FD6                     TMR0            equ	4054	;# 
   195   000FD6                     TMR0L           equ	4054	;# 
   196   000FD7                     TMR0H           equ	4055	;# 
   197   000FD8                     STATUS          equ	4056	;# 
   198   000FD9                     FSR2            equ	4057	;# 
   199   000FD9                     FSR2L           equ	4057	;# 
   200   000FDA                     FSR2H           equ	4058	;# 
   201   000FDB                     PLUSW2          equ	4059	;# 
   202   000FDC                     PREINC2         equ	4060	;# 
   203   000FDD                     POSTDEC2        equ	4061	;# 
   204   000FDE                     POSTINC2        equ	4062	;# 
   205   000FDF                     INDF2           equ	4063	;# 
   206   000FE0                     BSR             equ	4064	;# 
   207   000FE1                     FSR1            equ	4065	;# 
   208   000FE1                     FSR1L           equ	4065	;# 
   209   000FE2                     FSR1H           equ	4066	;# 
   210   000FE3                     PLUSW1          equ	4067	;# 
   211   000FE4                     PREINC1         equ	4068	;# 
   212   000FE5                     POSTDEC1        equ	4069	;# 
   213   000FE6                     POSTINC1        equ	4070	;# 
   214   000FE7                     INDF1           equ	4071	;# 
   215   000FE8                     WREG            equ	4072	;# 
   216   000FE9                     FSR0            equ	4073	;# 
   217   000FE9                     FSR0L           equ	4073	;# 
   218   000FEA                     FSR0H           equ	4074	;# 
   219   000FEB                     PLUSW0          equ	4075	;# 
   220   000FEC                     PREINC0         equ	4076	;# 
   221   000FED                     POSTDEC0        equ	4077	;# 
   222   000FEE                     POSTINC0        equ	4078	;# 
   223   000FEF                     INDF0           equ	4079	;# 
   224   000FF0                     INTCON3         equ	4080	;# 
   225   000FF1                     INTCON2         equ	4081	;# 
   226   000FF2                     INTCON          equ	4082	;# 
   227   000FF3                     PROD            equ	4083	;# 
   228   000FF3                     PRODL           equ	4083	;# 
   229   000FF4                     PRODH           equ	4084	;# 
   230   000FF5                     TABLAT          equ	4085	;# 
   231   000FF6                     TBLPTR          equ	4086	;# 
   232   000FF6                     TBLPTRL         equ	4086	;# 
   233   000FF7                     TBLPTRH         equ	4087	;# 
   234   000FF8                     TBLPTRU         equ	4088	;# 
   235   000FF9                     PCLAT           equ	4089	;# 
   236   000FF9                     PC              equ	4089	;# 
   237   000FF9                     PCL             equ	4089	;# 
   238   000FFA                     PCLATH          equ	4090	;# 
   239   000FFB                     PCLATU          equ	4091	;# 
   240   000FFC                     STKPTR          equ	4092	;# 
   241   000FFD                     TOS             equ	4093	;# 
   242   000FFD                     TOSL            equ	4093	;# 
   243   000FFE                     TOSH            equ	4094	;# 
   244   000FFF                     TOSU            equ	4095	;# 
   245   000FAD                     _TXREG          set	4013
   246   000FC7                     _SSPSTATbits    set	4039
   247   000FC9                     _SSPBUF         set	4041
   248   000FC5                     _SSPCON2bits    set	4037
   249   000FC8                     _SSPADD         set	4040
   250   000FC7                     _SSPSTAT        set	4039
   251   000FC5                     _SSPCON2        set	4037
   252   000FC6                     _SSPCON1        set	4038
   253   000FAB                     _RCSTAbits      set	4011
   254   000FAC                     _TXSTAbits      set	4012
   255   000FAF                     _SPBRG          set	4015
   256   000F94                     _TRISCbits      set	3988
   257                           
   258                           	psect	smallconst
   259   000600                     __psmallconst:
   260                           	callstack 0
   261   000600  00                 	db	0
   262   000601                     STR_1:
   263   000601  42                 	db	66	;'B'
   264   000602  4D                 	db	77	;'M'
   265   000603  50                 	db	80	;'P'
   266   000604  31                 	db	49	;'1'
   267   000605  38                 	db	56	;'8'
   268   000606  30                 	db	48	;'0'
   269   000607  20                 	db	32
   270   000608  50                 	db	80	;'P'
   271   000609  72                 	db	114	;'r'
   272   00060A  65                 	db	101	;'e'
   273   00060B  73                 	db	115	;'s'
   274   00060C  73                 	db	115	;'s'
   275   00060D  75                 	db	117	;'u'
   276   00060E  72                 	db	114	;'r'
   277   00060F  65                 	db	101	;'e'
   278   000610  20                 	db	32
   279   000611  61                 	db	97	;'a'
   280   000612  6E                 	db	110	;'n'
   281   000613  64                 	db	100	;'d'
   282   000614  20                 	db	32
   283   000615  54                 	db	84	;'T'
   284   000616  65                 	db	101	;'e'
   285   000617  6D                 	db	109	;'m'
   286   000618  70                 	db	112	;'p'
   287   000619  65                 	db	101	;'e'
   288   00061A  72                 	db	114	;'r'
   289   00061B  61                 	db	97	;'a'
   290   00061C  74                 	db	116	;'t'
   291   00061D  75                 	db	117	;'u'
   292   00061E  72                 	db	114	;'r'
   293   00061F  65                 	db	101	;'e'
   294   000620  20                 	db	32
   295   000621  53                 	db	83	;'S'
   296   000622  65                 	db	101	;'e'
   297   000623  6E                 	db	110	;'n'
   298   000624  73                 	db	115	;'s'
   299   000625  6F                 	db	111	;'o'
   300   000626  72                 	db	114	;'r'
   301   000627  0D                 	db	13
   302   000628  0A                 	db	10
   303   000629  00                 	db	0
   304   00062A                     STR_3:
   305   00062A  43                 	db	67	;'C'
   306   00062B  61                 	db	97	;'a'
   307   00062C  6C                 	db	108	;'l'
   308   00062D  69                 	db	105	;'i'
   309   00062E  62                 	db	98	;'b'
   310   00062F  72                 	db	114	;'r'
   311   000630  61                 	db	97	;'a'
   312   000631  74                 	db	116	;'t'
   313   000632  69                 	db	105	;'i'
   314   000633  6F                 	db	111	;'o'
   315   000634  6E                 	db	110	;'n'
   316   000635  20                 	db	32
   317   000636  64                 	db	100	;'d'
   318   000637  61                 	db	97	;'a'
   319   000638  74                 	db	116	;'t'
   320   000639  61                 	db	97	;'a'
   321   00063A  20                 	db	32
   322   00063B  72                 	db	114	;'r'
   323   00063C  65                 	db	101	;'e'
   324   00063D  61                 	db	97	;'a'
   325   00063E  64                 	db	100	;'d'
   326   00063F  20                 	db	32
   327   000640  73                 	db	115	;'s'
   328   000641  75                 	db	117	;'u'
   329   000642  63                 	db	99	;'c'
   330   000643  63                 	db	99	;'c'
   331   000644  65                 	db	101	;'e'
   332   000645  73                 	db	115	;'s'
   333   000646  73                 	db	115	;'s'
   334   000647  66                 	db	102	;'f'
   335   000648  75                 	db	117	;'u'
   336   000649  6C                 	db	108	;'l'
   337   00064A  6C                 	db	108	;'l'
   338   00064B  79                 	db	121	;'y'
   339   00064C  21                 	db	33
   340   00064D  0D                 	db	13
   341   00064E  0A                 	db	10
   342   00064F  00                 	db	0
   343   000650                     STR_2:
   344   000650  52                 	db	82	;'R'
   345   000651  65                 	db	101	;'e'
   346   000652  61                 	db	97	;'a'
   347   000653  64                 	db	100	;'d'
   348   000654  69                 	db	105	;'i'
   349   000655  6E                 	db	110	;'n'
   350   000656  67                 	db	103	;'g'
   351   000657  20                 	db	32
   352   000658  63                 	db	99	;'c'
   353   000659  61                 	db	97	;'a'
   354   00065A  6C                 	db	108	;'l'
   355   00065B  69                 	db	105	;'i'
   356   00065C  62                 	db	98	;'b'
   357   00065D  72                 	db	114	;'r'
   358   00065E  61                 	db	97	;'a'
   359   00065F  74                 	db	116	;'t'
   360   000660  69                 	db	105	;'i'
   361   000661  6F                 	db	111	;'o'
   362   000662  6E                 	db	110	;'n'
   363   000663  20                 	db	32
   364   000664  64                 	db	100	;'d'
   365   000665  61                 	db	97	;'a'
   366   000666  74                 	db	116	;'t'
   367   000667  61                 	db	97	;'a'
   368   000668  2E                 	db	46
   369   000669  2E                 	db	46
   370   00066A  2E                 	db	46
   371   00066B  0D                 	db	13
   372   00066C  0A                 	db	10
   373   00066D  00                 	db	0
   374   00066E                     STR_4:
   375   00066E  53                 	db	83	;'S'
   376   00066F  74                 	db	116	;'t'
   377   000670  61                 	db	97	;'a'
   378   000671  72                 	db	114	;'r'
   379   000672  74                 	db	116	;'t'
   380   000673  69                 	db	105	;'i'
   381   000674  6E                 	db	110	;'n'
   382   000675  67                 	db	103	;'g'
   383   000676  20                 	db	32
   384   000677  6D                 	db	109	;'m'
   385   000678  65                 	db	101	;'e'
   386   000679  61                 	db	97	;'a'
   387   00067A  73                 	db	115	;'s'
   388   00067B  75                 	db	117	;'u'
   389   00067C  72                 	db	114	;'r'
   390   00067D  65                 	db	101	;'e'
   391   00067E  6D                 	db	109	;'m'
   392   00067F  65                 	db	101	;'e'
   393   000680  6E                 	db	110	;'n'
   394   000681  74                 	db	116	;'t'
   395   000682  73                 	db	115	;'s'
   396   000683  2E                 	db	46
   397   000684  2E                 	db	46
   398   000685  2E                 	db	46
   399   000686  0D                 	db	13
   400   000687  0A                 	db	10
   401   000688  0D                 	db	13
   402   000689  0A                 	db	10
   403   00068A  00                 	db	0
   404   00068B                     STR_6:
   405   00068B  54                 	db	84	;'T'
   406   00068C  65                 	db	101	;'e'
   407   00068D  6D                 	db	109	;'m'
   408   00068E  70                 	db	112	;'p'
   409   00068F  65                 	db	101	;'e'
   410   000690  72                 	db	114	;'r'
   411   000691  61                 	db	97	;'a'
   412   000692  74                 	db	116	;'t'
   413   000693  75                 	db	117	;'u'
   414   000694  72                 	db	114	;'r'
   415   000695  65                 	db	101	;'e'
   416   000696  3A                 	db	58	;':'
   417   000697  20                 	db	32
   418   000698  25                 	db	37
   419   000699  6C                 	db	108	;'l'
   420   00069A  64                 	db	100	;'d'
   421   00069B  2E                 	db	46
   422   00069C  25                 	db	37
   423   00069D  6C                 	db	108	;'l'
   424   00069E  64                 	db	100	;'d'
   425   00069F  20                 	db	32
   426   0006A0  43                 	db	67	;'C'
   427   0006A1  0D                 	db	13
   428   0006A2  0A                 	db	10
   429   0006A3  00                 	db	0
   430   0006A4                     STR_8:
   431   0006A4  50                 	db	80	;'P'
   432   0006A5  72                 	db	114	;'r'
   433   0006A6  65                 	db	101	;'e'
   434   0006A7  73                 	db	115	;'s'
   435   0006A8  73                 	db	115	;'s'
   436   0006A9  75                 	db	117	;'u'
   437   0006AA  72                 	db	114	;'r'
   438   0006AB  65                 	db	101	;'e'
   439   0006AC  3A                 	db	58	;':'
   440   0006AD  20                 	db	32
   441   0006AE  25                 	db	37
   442   0006AF  6C                 	db	108	;'l'
   443   0006B0  75                 	db	117	;'u'
   444   0006B1  20                 	db	32
   445   0006B2  68                 	db	104	;'h'
   446   0006B3  50                 	db	80	;'P'
   447   0006B4  61                 	db	97	;'a'
   448   0006B5  0D                 	db	13
   449   0006B6  0A                 	db	10
   450   0006B7  0D                 	db	13
   451   0006B8  0A                 	db	10
   452   0006B9  00                 	db	0
   453   0006BA                     STR_7:
   454   0006BA  50                 	db	80	;'P'
   455   0006BB  72                 	db	114	;'r'
   456   0006BC  65                 	db	101	;'e'
   457   0006BD  73                 	db	115	;'s'
   458   0006BE  73                 	db	115	;'s'
   459   0006BF  75                 	db	117	;'u'
   460   0006C0  72                 	db	114	;'r'
   461   0006C1  65                 	db	101	;'e'
   462   0006C2  3A                 	db	58	;':'
   463   0006C3  20                 	db	32
   464   0006C4  25                 	db	37
   465   0006C5  6C                 	db	108	;'l'
   466   0006C6  75                 	db	117	;'u'
   467   0006C7  20                 	db	32
   468   0006C8  50                 	db	80	;'P'
   469   0006C9  61                 	db	97	;'a'
   470   0006CA  0D                 	db	13
   471   0006CB  0A                 	db	10
   472   0006CC  00                 	db	0
   473   0006CD                     STR_5:
   474   0006CD  4D                 	db	77	;'M'
   475   0006CE  65                 	db	101	;'e'
   476   0006CF  61                 	db	97	;'a'
   477   0006D0  73                 	db	115	;'s'
   478   0006D1  75                 	db	117	;'u'
   479   0006D2  72                 	db	114	;'r'
   480   0006D3  65                 	db	101	;'e'
   481   0006D4  6D                 	db	109	;'m'
   482   0006D5  65                 	db	101	;'e'
   483   0006D6  6E                 	db	110	;'n'
   484   0006D7  74                 	db	116	;'t'
   485   0006D8  20                 	db	32
   486   0006D9  23                 	db	35
   487   0006DA  25                 	db	37
   488   0006DB  75                 	db	117	;'u'
   489   0006DC  0D                 	db	13
   490   0006DD  0A                 	db	10
   491   0006DE  00                 	db	0
   492   0006DF  00                 	db	0	; dummy byte at the end
   493   000600                     __smallconst    set	__psmallconst
   494   000600                     __mediumconst   set	__psmallconst
   495   000002                     __activetblptr  equ	2
   496                           
   497                           ; #config settings
   498                           
   499                           	psect	cinit
   500   001CB4                     __pcinit:
   501                           	callstack 0
   502   001CB4                     start_initialization:
   503                           	callstack 0
   504   001CB4                     __initialization:
   505                           	callstack 0
   506                           
   507                           ; Clear objects allocated to BANK0 (82 bytes)
   508   001CB4  EE00  F080         	lfsr	0,__pbssBANK0
   509   001CB8  0E52               	movlw	82
   510   001CBA                     clear_0:
   511   001CBA  6AEE               	clrf	postinc0,c
   512   001CBC  06E8               	decf	wreg,f,c
   513   001CBE  E1FD               	bnz	clear_0
   514                           
   515                           ; Clear objects allocated to COMRAM (31 bytes)
   516   001CC0  EE00  F060         	lfsr	0,__pbssCOMRAM
   517   001CC4  0E1F               	movlw	31
   518   001CC6                     clear_1:
   519   001CC6  6AEE               	clrf	postinc0,c
   520   001CC8  06E8               	decf	wreg,f,c
   521   001CCA  E1FD               	bnz	clear_1
   522   001CCC                     end_of_initialization:
   523                           	callstack 0
   524   001CCC                     __end_of__initialization:
   525                           	callstack 0
   526   001CCC  0E00               	movlw	low (__Lmediumconst shr (0+16))
   527   001CCE  6EF8               	movwf	tblptru,c
   528   001CD0  0100               	movlb	0
   529   001CD2  EF01  F00A         	goto	_main	;jump to C main() function
   530                           
   531                           	psect	bssCOMRAM
   532   000060                     __pbssCOMRAM:
   533                           	callstack 0
   534   000060                     _b5:
   535                           	callstack 0
   536   000060                     	ds	4
   537   000064                     _width:
   538                           	callstack 0
   539   000064                     	ds	2
   540   000066                     _prec:
   541                           	callstack 0
   542   000066                     	ds	2
   543   000068                     _md:
   544                           	callstack 0
   545   000068                     	ds	2
   546   00006A                     _mc:
   547                           	callstack 0
   548   00006A                     	ds	2
   549   00006C                     _mb:
   550                           	callstack 0
   551   00006C                     	ds	2
   552   00006E                     _b2:
   553                           	callstack 0
   554   00006E                     	ds	2
   555   000070                     _b1:
   556                           	callstack 0
   557   000070                     	ds	2
   558   000072                     _ac6:
   559                           	callstack 0
   560   000072                     	ds	2
   561   000074                     _ac5:
   562                           	callstack 0
   563   000074                     	ds	2
   564   000076                     _ac4:
   565                           	callstack 0
   566   000076                     	ds	2
   567   000078                     _ac3:
   568                           	callstack 0
   569   000078                     	ds	2
   570   00007A                     _ac2:
   571                           	callstack 0
   572   00007A                     	ds	2
   573   00007C                     _ac1:
   574                           	callstack 0
   575   00007C                     	ds	2
   576   00007E                     _flags:
   577                           	callstack 0
   578   00007E                     	ds	1
   579                           
   580                           	psect	bssBANK0
   581   000080                     __pbssBANK0:
   582                           	callstack 0
   583   000080                     _dbuf:
   584                           	callstack 0
   585   000080                     	ds	32
   586   0000A0                     _buffer:
   587                           	callstack 0
   588   0000A0                     	ds	50
   589                           
   590                           	psect	cstackCOMRAM
   591   000001                     __pcstackCOMRAM:
   592                           	callstack 0
   593   000001                     ?___llmod:
   594                           	callstack 0
   595   000001                     ?___lmul:
   596                           	callstack 0
   597   000001                     ?___lldiv:
   598                           	callstack 0
   599   000001                     ?___aldiv:
   600                           	callstack 0
   601   000001                     ?___almod:
   602                           	callstack 0
   603   000001                     I2C_Write@data:
   604                           	callstack 0
   605   000001                     I2C_Read@ack:
   606                           	callstack 0
   607   000001                     UART_SendString@text:
   608                           	callstack 0
   609   000001                     fputc@c:
   610                           	callstack 0
   611   000001                     ___lmul@multiplier:
   612                           	callstack 0
   613   000001                     ___lldiv@dividend:
   614                           	callstack 0
   615   000001                     ___aldiv@dividend:
   616                           	callstack 0
   617   000001                     ___almod@dividend:
   618                           	callstack 0
   619   000001                     ___llmod@dividend:
   620                           	callstack 0
   621   000001                     ??_Init:
   622   000001                     
   623                           ; 1 bytes @ 0x0
   624   000001                     	ds	1
   625   000002                     ?_BMP180_ReadUT:
   626                           	callstack 0
   627   000002                     ?_BMP180_ReadUP:
   628                           	callstack 0
   629   000002                     ??_BMP180_ReadCalibration:
   630                           
   631                           ; 1 bytes @ 0x1
   632   000002                     	ds	1
   633   000003                     fputc@fp:
   634                           	callstack 0
   635   000003                     
   636                           ; 1 bytes @ 0x2
   637   000003                     	ds	1
   638   000004                     ??_fputc:
   639   000004                     ??_BMP180_ReadUT:
   640                           
   641                           ; 1 bytes @ 0x3
   642   000004                     	ds	1
   643   000005                     BMP180_ReadUT@ut:
   644                           	callstack 0
   645   000005                     ___lmul@multiplicand:
   646                           	callstack 0
   647   000005                     ___lldiv@divisor:
   648                           	callstack 0
   649   000005                     ___aldiv@divisor:
   650                           	callstack 0
   651   000005                     ___almod@divisor:
   652                           	callstack 0
   653   000005                     ___llmod@divisor:
   654                           	callstack 0
   655                           
   656                           ; 4 bytes @ 0x4
   657   000005                     	ds	1
   658   000006                     ??_BMP180_ReadUP:
   659                           
   660                           ; 1 bytes @ 0x5
   661   000006                     	ds	3
   662   000009                     ___aldiv@counter:
   663                           	callstack 0
   664   000009                     ___almod@counter:
   665                           	callstack 0
   666   000009                     ___llmod@counter:
   667                           	callstack 0
   668   000009                     ___lmul@product:
   669                           	callstack 0
   670   000009                     ___lldiv@quotient:
   671                           	callstack 0
   672   000009                     
   673                           ; 1 bytes @ 0x8
   674   000009                     	ds	1
   675   00000A                     ___aldiv@sign:
   676                           	callstack 0
   677   00000A                     ___almod@sign:
   678                           	callstack 0
   679                           
   680                           ; 1 bytes @ 0x9
   681   00000A                     	ds	1
   682   00000B                     ?_abs:
   683                           	callstack 0
   684   00000B                     abs@a:
   685                           	callstack 0
   686   00000B                     BMP180_ReadUP@up:
   687                           	callstack 0
   688   00000B                     ___aldiv@quotient:
   689                           	callstack 0
   690                           
   691                           ; 4 bytes @ 0xA
   692   00000B                     	ds	2
   693   00000D                     ___lldiv@counter:
   694                           	callstack 0
   695   00000D                     ??_abs:
   696                           
   697                           ; 1 bytes @ 0xC
   698   00000D                     	ds	2
   699   00000F                     BMP180_Calculate@temperature:
   700                           	callstack 0
   701   00000F                     vfpfcnvrt@fp:
   702                           	callstack 0
   703                           
   704                           ; 1 bytes @ 0xE
   705   00000F                     	ds	1
   706   000010                     BMP180_Calculate@pressure:
   707                           	callstack 0
   708   000010                     vfpfcnvrt@fmt:
   709                           	callstack 0
   710                           
   711                           ; 1 bytes @ 0xF
   712   000010                     	ds	1
   713   000011                     vfpfcnvrt@ap:
   714                           	callstack 0
   715   000011                     ??_BMP180_Calculate:
   716                           
   717                           ; 1 bytes @ 0x10
   718   000011                     	ds	1
   719   000012                     ??_vfpfcnvrt:
   720                           
   721                           ; 1 bytes @ 0x11
   722   000012                     	ds	2
   723   000014                     vfpfcnvrt@done:
   724                           	callstack 0
   725                           
   726                           ; 1 bytes @ 0x13
   727   000014                     	ds	1
   728   000015                     vfpfcnvrt@cp:
   729                           	callstack 0
   730                           
   731                           ; 1 bytes @ 0x14
   732   000015                     	ds	1
   733   000016                     vfpfcnvrt@convarg:
   734                           	callstack 0
   735                           
   736                           ; 4 bytes @ 0x15
   737   000016                     	ds	4
   738   00001A                     vfpfcnvrt@c:
   739                           	callstack 0
   740                           
   741                           ; 1 bytes @ 0x19
   742   00001A                     	ds	1
   743   00001B                     ?_vfprintf:
   744                           	callstack 0
   745   00001B                     vfprintf@fp:
   746                           	callstack 0
   747                           
   748                           ; 1 bytes @ 0x1A
   749   00001B                     	ds	1
   750   00001C                     vfprintf@fmt:
   751                           	callstack 0
   752                           
   753                           ; 1 bytes @ 0x1B
   754   00001C                     	ds	1
   755   00001D                     vfprintf@ap:
   756                           	callstack 0
   757                           
   758                           ; 1 bytes @ 0x1C
   759   00001D                     	ds	1
   760   00001E                     vfprintf@cfmt:
   761                           	callstack 0
   762   00001E                     
   763                           ; 1 bytes @ 0x1D
   764   00001E                     	ds	1
   765   00001F                     ?_sprintf:
   766                           	callstack 0
   767   00001F                     sprintf@s:
   768                           	callstack 0
   769                           
   770                           ; 1 bytes @ 0x1E
   771   00001F                     	ds	1
   772   000020                     sprintf@fmt:
   773                           	callstack 0
   774   000020                     BMP180_Calculate@ut:
   775                           	callstack 0
   776                           
   777                           ; 4 bytes @ 0x1F
   778   000020                     	ds	4
   779   000024                     BMP180_Calculate@up:
   780                           	callstack 0
   781                           
   782                           ; 4 bytes @ 0x23
   783   000024                     	ds	4
   784   000028                     BMP180_Calculate@b3:
   785                           	callstack 0
   786                           
   787                           ; 4 bytes @ 0x27
   788   000028                     	ds	1
   789   000029                     sprintf@ap:
   790                           	callstack 0
   791   000029                     
   792                           ; 1 bytes @ 0x28
   793   000029                     	ds	1
   794   00002A                     sprintf@f:
   795                           	callstack 0
   796                           
   797                           ; 11 bytes @ 0x29
   798   00002A                     	ds	2
   799   00002C                     BMP180_Calculate@b4:
   800                           	callstack 0
   801                           
   802                           ; 4 bytes @ 0x2B
   803   00002C                     	ds	4
   804   000030                     BMP180_Calculate@x3:
   805                           	callstack 0
   806                           
   807                           ; 4 bytes @ 0x2F
   808   000030                     	ds	4
   809   000034                     _BMP180_Calculate$1407:
   810                           	callstack 0
   811                           
   812                           ; 4 bytes @ 0x33
   813   000034                     	ds	4
   814   000038                     BMP180_Calculate@b7:
   815                           	callstack 0
   816                           
   817                           ; 4 bytes @ 0x37
   818   000038                     	ds	4
   819   00003C                     BMP180_Calculate@p:
   820                           	callstack 0
   821                           
   822                           ; 4 bytes @ 0x3B
   823   00003C                     	ds	4
   824   000040                     BMP180_Calculate@x2:
   825                           	callstack 0
   826                           
   827                           ; 4 bytes @ 0x3F
   828   000040                     	ds	4
   829   000044                     BMP180_Calculate@b6:
   830                           	callstack 0
   831                           
   832                           ; 4 bytes @ 0x43
   833   000044                     	ds	4
   834   000048                     BMP180_Calculate@x1:
   835                           	callstack 0
   836                           
   837                           ; 4 bytes @ 0x47
   838   000048                     	ds	4
   839   00004C                     ??_main:
   840                           
   841                           ; 1 bytes @ 0x4B
   842   00004C                     	ds	2
   843   00004E                     _main$1409:
   844                           	callstack 0
   845                           
   846                           ; 4 bytes @ 0x4D
   847   00004E                     	ds	4
   848   000052                     main@counter:
   849                           	callstack 0
   850                           
   851                           ; 2 bytes @ 0x51
   852   000052                     	ds	2
   853   000054                     _main$1408:
   854                           	callstack 0
   855                           
   856                           ; 4 bytes @ 0x53
   857   000054                     	ds	4
   858   000058                     main@temperature:
   859                           	callstack 0
   860                           
   861                           ; 4 bytes @ 0x57
   862   000058                     	ds	4
   863   00005C                     main@pressure:
   864                           	callstack 0
   865                           
   866                           ; 4 bytes @ 0x5B
   867   00005C                     	ds	4
   868                           
   869 ;;
   870 ;;Main: autosize = 0, tempsize = 2, incstack = 0, save=0
   871 ;;
   872 ;; *************** function _main *****************
   873 ;; Defined at:
   874 ;;		line 328 in file "kurssss.c"
   875 ;; Parameters:    Size  Location     Type
   876 ;;		None
   877 ;; Auto vars:     Size  Location     Type
   878 ;;  pressure        4   91[COMRAM] long 
   879 ;;  temperature     4   87[COMRAM] long 
   880 ;;  counter         2   81[COMRAM] unsigned int 
   881 ;; Return value:  Size  Location     Type
   882 ;;                  1    wreg      void 
   883 ;; Registers used:
   884 ;;		wreg, fsr1l, fsr1h, fsr2l, fsr2h, status,2, status,0, tblptrl, tblptrh, tblptru, cstack
   885 ;; Tracked objects:
   886 ;;		On entry : 0/0
   887 ;;		On exit  : 0/0
   888 ;;		Unchanged: 0/0
   889 ;; Data sizes:     COMRAM   BANK0   BANK1   BANK2   BANK3   BANK4   BANK5
   890 ;;      Params:         0       0       0       0       0       0       0
   891 ;;      Locals:        18       0       0       0       0       0       0
   892 ;;      Temps:          2       0       0       0       0       0       0
   893 ;;      Totals:        20       0       0       0       0       0       0
   894 ;;Total ram usage:       20 bytes
   895 ;; Hardware stack levels required when called: 5
   896 ;; This function calls:
   897 ;;		_BMP180_Calculate
   898 ;;		_BMP180_ReadCalibration
   899 ;;		_Init
   900 ;;		_UART_SendString
   901 ;;		___aldiv
   902 ;;		___almod
   903 ;;		_sprintf
   904 ;; This function is called by:
   905 ;;		Startup code after reset
   906 ;; This function uses a non-reentrant model
   907 ;;
   908                           
   909                           	psect	text0
   910   001402                     __ptext0:
   911                           	callstack 0
   912   001402                     _main:
   913                           	callstack 26
   914   001402                     
   915                           ;kurssss.c: 329:     long temperature, pressure;;kurssss.c: 330:     unsigned int counte
      +                          r = 0;
   916   001402  6A53               	clrf	(main@counter+1)^0,c
   917   001404  0E00               	movlw	0
   918   001406  6E52               	movwf	main@counter^0,c
   919   001408                     
   920                           ;kurssss.c: 332:     Init();
   921   001408  EC34  F00E         	call	_Init	;wreg free
   922   00140C                     
   923                           ;kurssss.c: 334:     UART_SendString("BMP180 Pressure and Temperature Sensor\r\n");
   924   00140C  0E01               	movlw	low STR_1
   925   00140E  6E01               	movwf	UART_SendString@text^0,c
   926   001410  5001               	movf	UART_SendString@text^0,w,c
   927   001412  A4D8               	btfss	status,2,c
   928   001414  0E06               	movlw	high __smallconst
   929   001416  6E02               	movwf	(UART_SendString@text+1)^0,c
   930   001418  EC2E  F00D         	call	_UART_SendString	;wreg free
   931   00141C                     
   932                           ;kurssss.c: 335:     UART_SendString("Reading calibration data...\r\n");
   933   00141C  0E50               	movlw	low STR_2
   934   00141E  6E01               	movwf	UART_SendString@text^0,c
   935   001420  5001               	movf	UART_SendString@text^0,w,c
   936   001422  A4D8               	btfss	status,2,c
   937   001424  0E06               	movlw	high __smallconst
   938   001426  6E02               	movwf	(UART_SendString@text+1)^0,c
   939   001428  EC2E  F00D         	call	_UART_SendString	;wreg free
   940   00142C                     
   941                           ;kurssss.c: 338:     BMP180_ReadCalibration();
   942   00142C  ECE2  F008         	call	_BMP180_ReadCalibration	;wreg free
   943   001430                     
   944                           ;kurssss.c: 340:     UART_SendString("Calibration data read successfully!\r\n");
   945   001430  0E2A               	movlw	low STR_3
   946   001432  6E01               	movwf	UART_SendString@text^0,c
   947   001434  5001               	movf	UART_SendString@text^0,w,c
   948   001436  A4D8               	btfss	status,2,c
   949   001438  0E06               	movlw	high __smallconst
   950   00143A  6E02               	movwf	(UART_SendString@text+1)^0,c
   951   00143C  EC2E  F00D         	call	_UART_SendString	;wreg free
   952   001440                     
   953                           ;kurssss.c: 341:     UART_SendString("Starting measurements...\r\n\r\n");
   954   001440  0E6E               	movlw	low STR_4
   955   001442  6E01               	movwf	UART_SendString@text^0,c
   956   001444  5001               	movf	UART_SendString@text^0,w,c
   957   001446  A4D8               	btfss	status,2,c
   958   001448  0E06               	movlw	high __smallconst
   959   00144A  6E02               	movwf	(UART_SendString@text+1)^0,c
   960   00144C  EC2E  F00D         	call	_UART_SendString	;wreg free
   961   001450                     l2216:
   962                           
   963                           ;kurssss.c: 345:         BMP180_Calculate(&temperature, &pressure);
   964   001450  0E58               	movlw	low main@temperature
   965   001452  6E0F               	movwf	BMP180_Calculate@temperature^0,c
   966   001454  0E5C               	movlw	low main@pressure
   967   001456  6E10               	movwf	BMP180_Calculate@pressure^0,c
   968   001458  EC70  F003         	call	_BMP180_Calculate	;wreg free
   969   00145C                     
   970                           ;kurssss.c: 348:         sprintf(buffer, "Measurement #%u\r\n", counter++);
   971   00145C  0EA0               	movlw	low _buffer
   972   00145E  6E1F               	movwf	sprintf@s^0,c
   973   001460  0ECD               	movlw	low STR_5
   974   001462  6E20               	movwf	sprintf@fmt^0,c
   975   001464  C052  F021         	movff	main@counter,?_sprintf+2
   976   001468  C053  F022         	movff	main@counter+1,?_sprintf+3
   977   00146C  EC04  F00E         	call	_sprintf	;wreg free
   978   001470  4A52               	infsnz	main@counter^0,f,c
   979   001472  2A53               	incf	(main@counter+1)^0,f,c
   980   001474                     
   981                           ;kurssss.c: 349:         UART_SendString(buffer);
   982   001474  0EA0               	movlw	low _buffer
   983   001476  6E01               	movwf	UART_SendString@text^0,c
   984   001478  6A02               	clrf	(UART_SendString@text+1)^0,c
   985   00147A  EC2E  F00D         	call	_UART_SendString	;wreg free
   986   00147E                     
   987                           ;kurssss.c: 351:         sprintf(buffer, "Temperature: %ld.%ld C\r\n", temperature/10, t
      +                          emperature%10);
   988   00147E  C058  F001         	movff	main@temperature,___aldiv@dividend
   989   001482  C059  F002         	movff	main@temperature+1,___aldiv@dividend+1
   990   001486  C05A  F003         	movff	main@temperature+2,___aldiv@dividend+2
   991   00148A  C05B  F004         	movff	main@temperature+3,___aldiv@dividend+3
   992   00148E  0E0A               	movlw	10
   993   001490  6E05               	movwf	___aldiv@divisor^0,c
   994   001492  0E00               	movlw	0
   995   001494  6E06               	movwf	(___aldiv@divisor+1)^0,c
   996   001496  0E00               	movlw	0
   997   001498  6E07               	movwf	(___aldiv@divisor+2)^0,c
   998   00149A  0E00               	movlw	0
   999   00149C  6E08               	movwf	(___aldiv@divisor+3)^0,c
  1000   00149E  ECDD  F00A         	call	___aldiv	;wreg free
  1001   0014A2  C001  F054         	movff	?___aldiv,_main$1408
  1002   0014A6  C002  F055         	movff	?___aldiv+1,_main$1408+1
  1003   0014AA  C003  F056         	movff	?___aldiv+2,_main$1408+2
  1004   0014AE  C004  F057         	movff	?___aldiv+3,_main$1408+3
  1005   0014B2                     
  1006                           ;kurssss.c: 351:         sprintf(buffer, "Temperature: %ld.%ld C\r\n", temperature/10, t
      +                          emperature%10);
  1007   0014B2  C058  F001         	movff	main@temperature,___almod@dividend
  1008   0014B6  C059  F002         	movff	main@temperature+1,___almod@dividend+1
  1009   0014BA  C05A  F003         	movff	main@temperature+2,___almod@dividend+2
  1010   0014BE  C05B  F004         	movff	main@temperature+3,___almod@dividend+3
  1011   0014C2  0E0A               	movlw	10
  1012   0014C4  6E05               	movwf	___almod@divisor^0,c
  1013   0014C6  0E00               	movlw	0
  1014   0014C8  6E06               	movwf	(___almod@divisor+1)^0,c
  1015   0014CA  0E00               	movlw	0
  1016   0014CC  6E07               	movwf	(___almod@divisor+2)^0,c
  1017   0014CE  0E00               	movlw	0
  1018   0014D0  6E08               	movwf	(___almod@divisor+3)^0,c
  1019   0014D2  EC62  F00B         	call	___almod	;wreg free
  1020   0014D6  C001  F04E         	movff	?___almod,_main$1409
  1021   0014DA  C002  F04F         	movff	?___almod+1,_main$1409+1
  1022   0014DE  C003  F050         	movff	?___almod+2,_main$1409+2
  1023   0014E2  C004  F051         	movff	?___almod+3,_main$1409+3
  1024   0014E6                     
  1025                           ;kurssss.c: 351:         sprintf(buffer, "Temperature: %ld.%ld C\r\n", temperature/10, t
      +                          emperature%10);
  1026   0014E6  0EA0               	movlw	low _buffer
  1027   0014E8  6E1F               	movwf	sprintf@s^0,c
  1028   0014EA  0E8B               	movlw	low STR_6
  1029   0014EC  6E20               	movwf	sprintf@fmt^0,c
  1030   0014EE  C054  F021         	movff	_main$1408,?_sprintf+2
  1031   0014F2  C055  F022         	movff	_main$1408+1,?_sprintf+3
  1032   0014F6  C056  F023         	movff	_main$1408+2,?_sprintf+4
  1033   0014FA  C057  F024         	movff	_main$1408+3,?_sprintf+5
  1034   0014FE  C04E  F025         	movff	_main$1409,?_sprintf+6
  1035   001502  C04F  F026         	movff	_main$1409+1,?_sprintf+7
  1036   001506  C050  F027         	movff	_main$1409+2,?_sprintf+8
  1037   00150A  C051  F028         	movff	_main$1409+3,?_sprintf+9
  1038   00150E  EC04  F00E         	call	_sprintf	;wreg free
  1039   001512                     
  1040                           ;kurssss.c: 352:         UART_SendString(buffer);
  1041   001512  0EA0               	movlw	low _buffer
  1042   001514  6E01               	movwf	UART_SendString@text^0,c
  1043   001516  6A02               	clrf	(UART_SendString@text+1)^0,c
  1044   001518  EC2E  F00D         	call	_UART_SendString	;wreg free
  1045   00151C                     
  1046                           ;kurssss.c: 354:         sprintf(buffer, "Pressure: %lu Pa\r\n", pressure);
  1047   00151C  0EA0               	movlw	low _buffer
  1048   00151E  6E1F               	movwf	sprintf@s^0,c
  1049   001520  0EBA               	movlw	low STR_7
  1050   001522  6E20               	movwf	sprintf@fmt^0,c
  1051   001524  C05C  F021         	movff	main@pressure,?_sprintf+2
  1052   001528  C05D  F022         	movff	main@pressure+1,?_sprintf+3
  1053   00152C  C05E  F023         	movff	main@pressure+2,?_sprintf+4
  1054   001530  C05F  F024         	movff	main@pressure+3,?_sprintf+5
  1055   001534  EC04  F00E         	call	_sprintf	;wreg free
  1056   001538                     
  1057                           ;kurssss.c: 355:         UART_SendString(buffer);
  1058   001538  0EA0               	movlw	low _buffer
  1059   00153A  6E01               	movwf	UART_SendString@text^0,c
  1060   00153C  6A02               	clrf	(UART_SendString@text+1)^0,c
  1061   00153E  EC2E  F00D         	call	_UART_SendString	;wreg free
  1062   001542                     
  1063                           ;kurssss.c: 357:         sprintf(buffer, "Pressure: %lu hPa\r\n\r\n", pressure/100);
  1064   001542  C05C  F001         	movff	main@pressure,___aldiv@dividend
  1065   001546  C05D  F002         	movff	main@pressure+1,___aldiv@dividend+1
  1066   00154A  C05E  F003         	movff	main@pressure+2,___aldiv@dividend+2
  1067   00154E  C05F  F004         	movff	main@pressure+3,___aldiv@dividend+3
  1068   001552  0E64               	movlw	100
  1069   001554  6E05               	movwf	___aldiv@divisor^0,c
  1070   001556  0E00               	movlw	0
  1071   001558  6E06               	movwf	(___aldiv@divisor+1)^0,c
  1072   00155A  0E00               	movlw	0
  1073   00155C  6E07               	movwf	(___aldiv@divisor+2)^0,c
  1074   00155E  0E00               	movlw	0
  1075   001560  6E08               	movwf	(___aldiv@divisor+3)^0,c
  1076   001562  ECDD  F00A         	call	___aldiv	;wreg free
  1077   001566  C001  F054         	movff	?___aldiv,_main$1408
  1078   00156A  C002  F055         	movff	?___aldiv+1,_main$1408+1
  1079   00156E  C003  F056         	movff	?___aldiv+2,_main$1408+2
  1080   001572  C004  F057         	movff	?___aldiv+3,_main$1408+3
  1081   001576                     
  1082                           ;kurssss.c: 357:         sprintf(buffer, "Pressure: %lu hPa\r\n\r\n", pressure/100);
  1083   001576  0EA0               	movlw	low _buffer
  1084   001578  6E1F               	movwf	sprintf@s^0,c
  1085   00157A  0EA4               	movlw	low STR_8
  1086   00157C  6E20               	movwf	sprintf@fmt^0,c
  1087   00157E  C054  F021         	movff	_main$1408,?_sprintf+2
  1088   001582  C055  F022         	movff	_main$1408+1,?_sprintf+3
  1089   001586  C056  F023         	movff	_main$1408+2,?_sprintf+4
  1090   00158A  C057  F024         	movff	_main$1408+3,?_sprintf+5
  1091   00158E  EC04  F00E         	call	_sprintf	;wreg free
  1092   001592                     
  1093                           ;kurssss.c: 358:         UART_SendString(buffer);
  1094   001592  0EA0               	movlw	low _buffer
  1095   001594  6E01               	movwf	UART_SendString@text^0,c
  1096   001596  6A02               	clrf	(UART_SendString@text+1)^0,c
  1097   001598  EC2E  F00D         	call	_UART_SendString	;wreg free
  1098   00159C                     
  1099                           ;kurssss.c: 360:         _delay((unsigned long)((2000)*(4000000/4000.0)));
  1100   00159C  0E0B               	movlw	11
  1101   00159E  6E4D               	movwf	(??_main+1)^0,c
  1102   0015A0  0E26               	movlw	38
  1103   0015A2  6E4C               	movwf	??_main^0,c
  1104   0015A4  0E5E               	movlw	94
  1105   0015A6                     u1417:
  1106   0015A6  2EE8               	decfsz	wreg,f,c
  1107   0015A8  D7FE               	bra	u1417
  1108   0015AA  2E4C               	decfsz	??_main^0,f,c
  1109   0015AC  D7FC               	bra	u1417
  1110   0015AE  2E4D               	decfsz	(??_main+1)^0,f,c
  1111   0015B0  D7FA               	bra	u1417
  1112   0015B2  EF28  F00A         	goto	l2216
  1113   0015B6  EFFE  F03F         	goto	start
  1114   0015BA                     __end_of_main:
  1115                           	callstack 0
  1116                           
  1117 ;; *************** function _sprintf *****************
  1118 ;; Defined at:
  1119 ;;		line 9 in file "C:\Program Files\Microchip\xc8\v3.10\pic\sources\c99\common\nf_sprintf.c"
  1120 ;; Parameters:    Size  Location     Type
  1121 ;;  s               1   30[COMRAM] PTR unsigned char 
  1122 ;;		 -> buffer(50), 
  1123 ;;  fmt             1   31[COMRAM] PTR const unsigned char 
  1124 ;;		 -> STR_8(22), STR_7(19), STR_6(25), STR_5(18), 
  1125 ;; Auto vars:     Size  Location     Type
  1126 ;;  f              11   41[COMRAM] struct _IO_FILE
  1127 ;;  ret             2    0        int 
  1128 ;;  ap              1   40[COMRAM] PTR void [1]
  1129 ;;		 -> ?_sprintf(2), 
  1130 ;; Return value:  Size  Location     Type
  1131 ;;                  2   30[COMRAM] int 
  1132 ;; Registers used:
  1133 ;;		wreg, fsr1l, fsr1h, fsr2l, fsr2h, status,2, status,0, tblptrl, tblptrh, tblptru, cstack
  1134 ;; Tracked objects:
  1135 ;;		On entry : 0/0
  1136 ;;		On exit  : 0/0
  1137 ;;		Unchanged: 0/0
  1138 ;; Data sizes:     COMRAM   BANK0   BANK1   BANK2   BANK3   BANK4   BANK5
  1139 ;;      Params:        10       0       0       0       0       0       0
  1140 ;;      Locals:        12       0       0       0       0       0       0
  1141 ;;      Temps:          0       0       0       0       0       0       0
  1142 ;;      Totals:        22       0       0       0       0       0       0
  1143 ;;Total ram usage:       22 bytes
  1144 ;; Hardware stack levels used: 1
  1145 ;; Hardware stack levels required when called: 4
  1146 ;; This function calls:
  1147 ;;		_vfprintf
  1148 ;; This function is called by:
  1149 ;;		_main
  1150 ;; This function uses a non-reentrant model
  1151 ;;
  1152                           
  1153                           	psect	text1
  1154   001C08                     __ptext1:
  1155                           	callstack 0
  1156   001C08                     _sprintf:
  1157                           	callstack 26
  1158   001C08  0E21               	movlw	low (?_sprintf+2)
  1159   001C0A  6E29               	movwf	sprintf@ap^0,c
  1160   001C0C  C01F  F02A         	movff	sprintf@s,sprintf@f
  1161   001C10  6A2D               	clrf	(sprintf@f+3)^0,c
  1162   001C12  0E00               	movlw	0
  1163   001C14  6E2C               	movwf	(sprintf@f+2)^0,c
  1164   001C16  6A34               	clrf	(sprintf@f+10)^0,c
  1165   001C18  0E00               	movlw	0
  1166   001C1A  6E33               	movwf	(sprintf@f+9)^0,c
  1167   001C1C  0E2A               	movlw	low sprintf@f
  1168   001C1E  6E1B               	movwf	vfprintf@fp^0,c
  1169   001C20  C020  F01C         	movff	sprintf@fmt,vfprintf@fmt
  1170   001C24  0E29               	movlw	low sprintf@ap
  1171   001C26  6E1D               	movwf	vfprintf@ap^0,c
  1172   001C28  ECCC  F00D         	call	_vfprintf	;wreg free
  1173   001C2C  501F               	movf	sprintf@s^0,w,c
  1174   001C2E  242C               	addwf	(sprintf@f+2)^0,w,c
  1175   001C30  6ED9               	movwf	fsr2l,c
  1176   001C32  6ADA               	clrf	fsr2h,c
  1177   001C34  6ADF               	clrf	indf2,c
  1178   001C36  0012               	return		;funcret
  1179   001C38                     __end_of_sprintf:
  1180                           	callstack 0
  1181                           
  1182 ;; *************** function _vfprintf *****************
  1183 ;; Defined at:
  1184 ;;		line 1817 in file "C:\Program Files\Microchip\xc8\v3.10\pic\sources\c99\common\doprnt.c"
  1185 ;; Parameters:    Size  Location     Type
  1186 ;;  fp              1   26[COMRAM] PTR struct _IO_FILE
  1187 ;;		 -> sprintf@f(11), 
  1188 ;;  fmt             1   27[COMRAM] PTR const unsigned char 
  1189 ;;		 -> STR_8(22), STR_7(19), STR_6(25), STR_5(18), 
  1190 ;;  ap              1   28[COMRAM] PTR PTR void 
  1191 ;;		 -> sprintf@ap(1), 
  1192 ;; Auto vars:     Size  Location     Type
  1193 ;;  cfmt            1   29[COMRAM] PTR unsigned char 
  1194 ;;		 -> STR_8(22), STR_7(19), STR_6(25), STR_5(18), 
  1195 ;; Return value:  Size  Location     Type
  1196 ;;                  2   26[COMRAM] int 
  1197 ;; Registers used:
  1198 ;;		wreg, fsr1l, fsr1h, fsr2l, fsr2h, status,2, status,0, tblptrl, tblptrh, tblptru, cstack
  1199 ;; Tracked objects:
  1200 ;;		On entry : 0/0
  1201 ;;		On exit  : 0/0
  1202 ;;		Unchanged: 0/0
  1203 ;; Data sizes:     COMRAM   BANK0   BANK1   BANK2   BANK3   BANK4   BANK5
  1204 ;;      Params:         3       0       0       0       0       0       0
  1205 ;;      Locals:         1       0       0       0       0       0       0
  1206 ;;      Temps:          0       0       0       0       0       0       0
  1207 ;;      Totals:         4       0       0       0       0       0       0
  1208 ;;Total ram usage:        4 bytes
  1209 ;; Hardware stack levels used: 1
  1210 ;; Hardware stack levels required when called: 3
  1211 ;; This function calls:
  1212 ;;		_vfpfcnvrt
  1213 ;; This function is called by:
  1214 ;;		_sprintf
  1215 ;; This function uses a non-reentrant model
  1216 ;;
  1217                           
  1218                           	psect	text2
  1219   001B98                     __ptext2:
  1220                           	callstack 0
  1221   001B98                     _vfprintf:
  1222                           	callstack 26
  1223   001B98                     
  1224                           ;C:\Program Files\Microchip\xc8\v3.10\pic\sources\c99\common\doprnt.c: 1817: int vfprint
      +                          f(FILE *fp, const char *fmt, va_list ap);C:\Program Files\Microchip\xc8\v3.10\pic\source
      +                          s\c99\common\doprnt.c: 1818: {;C:\Program Files\Microchip\xc8\v3.10\pic\sources\c99\comm
      +                          on\doprnt.c: 1820:     char *cfmt;;C:\Program Files\Microchip\xc8\v3.10\pic\sources\c99\
      +                          common\doprnt.c: 1822:     cfmt = (char *)fmt;
  1225   001B98  C01C  F01E         	movff	vfprintf@fmt,vfprintf@cfmt
  1226                           
  1227                           ;C:\Program Files\Microchip\xc8\v3.10\pic\sources\c99\common\doprnt.c: 1826:     while (
      +                          *cfmt) {
  1228   001B9C  EFD8  F00D         	goto	l1964
  1229   001BA0                     l1962:
  1230                           
  1231                           ;C:\Program Files\Microchip\xc8\v3.10\pic\sources\c99\common\doprnt.c: 1830:    vfpfcnvr
      +                          t(fp, &cfmt, ap);
  1232   001BA0  C01B  F00F         	movff	vfprintf@fp,vfpfcnvrt@fp
  1233   001BA4  0E1E               	movlw	low vfprintf@cfmt
  1234   001BA6  6E10               	movwf	vfpfcnvrt@fmt^0,c
  1235   001BA8  C01D  F011         	movff	vfprintf@ap,vfpfcnvrt@ap
  1236   001BAC  ECED  F006         	call	_vfpfcnvrt	;wreg free
  1237   001BB0                     l1964:
  1238                           
  1239                           ;C:\Program Files\Microchip\xc8\v3.10\pic\sources\c99\common\doprnt.c: 1826:     while (
      +                          *cfmt) {
  1240   001BB0  C01E  FFF6         	movff	vfprintf@cfmt,tblptrl
  1241   001BB4                     	if	1	;There is more than 1 active tblptr byte
  1242   001BB4  0E06               	movlw	high __smallconst
  1243   001BB6  6EF7               	movwf	tblptrh,c
  1244   001BB8                     	endif
  1245   001BB8                     	if	0	;tblptru may be non-zero
  1246   001BB8                     	endif
  1247   001BB8                     	if	0	;tblptru may be non-zero
  1248   001BB8                     	endif
  1249   001BB8  0008               	tblrd		*
  1250   001BBA  50F5               	movf	tablat,w,c
  1251   001BBC  0900               	iorlw	0
  1252   001BBE  A4D8               	btfss	status,2,c
  1253   001BC0  EFE4  F00D         	goto	u1191
  1254   001BC4  EFE6  F00D         	goto	u1190
  1255   001BC8                     u1191:
  1256   001BC8  EFD0  F00D         	goto	l1962
  1257   001BCC                     u1190:
  1258   001BCC                     
  1259                           ;C:\Program Files\Microchip\xc8\v3.10\pic\sources\c99\common\doprnt.c: 1835:  return 0;
  1260   001BCC  6A1C               	clrf	(?_vfprintf+1)^0,c
  1261   001BCE  0E00               	movlw	0
  1262   001BD0  6E1B               	movwf	?_vfprintf^0,c
  1263   001BD2  0012               	return		;funcret
  1264   001BD4                     __end_of_vfprintf:
  1265                           	callstack 0
  1266                           
  1267 ;; *************** function _vfpfcnvrt *****************
  1268 ;; Defined at:
  1269 ;;		line 1177 in file "C:\Program Files\Microchip\xc8\v3.10\pic\sources\c99\common\doprnt.c"
  1270 ;; Parameters:    Size  Location     Type
  1271 ;;  fp              1   14[COMRAM] PTR struct _IO_FILE
  1272 ;;		 -> sprintf@f(11), 
  1273 ;;  fmt             1   15[COMRAM] PTR PTR unsigned char 
  1274 ;;		 -> vfprintf@cfmt(1), 
  1275 ;;  ap              1   16[COMRAM] PTR PTR void 
  1276 ;;		 -> sprintf@ap(1), 
  1277 ;; Auto vars:     Size  Location     Type
  1278 ;;  convarg         4   21[COMRAM] struct .
  1279 ;;  c               1   25[COMRAM] unsigned char 
  1280 ;;  cp              1   20[COMRAM] PTR unsigned char 
  1281 ;;		 -> STR_8(22), STR_7(19), STR_6(25), STR_5(18), 
  1282 ;;  done            1   19[COMRAM] _Bool 
  1283 ;; Return value:  Size  Location     Type
  1284 ;;                  1    wreg      void 
  1285 ;; Registers used:
  1286 ;;		wreg, fsr1l, fsr1h, fsr2l, fsr2h, status,2, status,0, tblptrl, tblptrh, tblptru, cstack
  1287 ;; Tracked objects:
  1288 ;;		On entry : 0/0
  1289 ;;		On exit  : 0/0
  1290 ;;		Unchanged: 0/0
  1291 ;; Data sizes:     COMRAM   BANK0   BANK1   BANK2   BANK3   BANK4   BANK5
  1292 ;;      Params:         3       0       0       0       0       0       0
  1293 ;;      Locals:         7       0       0       0       0       0       0
  1294 ;;      Temps:          2       0       0       0       0       0       0
  1295 ;;      Totals:        12       0       0       0       0       0       0
  1296 ;;Total ram usage:       12 bytes
  1297 ;; Hardware stack levels used: 1
  1298 ;; Hardware stack levels required when called: 2
  1299 ;; This function calls:
  1300 ;;		___aldiv
  1301 ;;		___almod
  1302 ;;		___lldiv
  1303 ;;		___llmod
  1304 ;;		_abs
  1305 ;;		_fputc
  1306 ;; This function is called by:
  1307 ;;		_vfprintf
  1308 ;; This function uses a non-reentrant model
  1309 ;;
  1310                           
  1311                           	psect	text3
  1312   000DDA                     __ptext3:
  1313                           	callstack 0
  1314   000DDA                     _vfpfcnvrt:
  1315                           	callstack 26
  1316   000DDA                     
  1317                           ;C:\Program Files\Microchip\xc8\v3.10\pic\sources\c99\common\doprnt.c: 1177: vfpfcnvrt(F
      +                          ILE *fp, char *fmt[], va_list ap);C:\Program Files\Microchip\xc8\v3.10\pic\sources\c99\c
      +                          ommon\doprnt.c: 1178: {;C:\Program Files\Microchip\xc8\v3.10\pic\sources\c99\common\dopr
      +                          nt.c: 1179:     char c, *cp;;C:\Program Files\Microchip\xc8\v3.10\pic\sources\c99\common
      +                          \doprnt.c: 1180:     _Bool done;;C:\Program Files\Microchip\xc8\v3.10\pic\sources\c99\co
      +                          mmon\doprnt.c: 1188:  } convarg;;C:\Program Files\Microchip\xc8\v3.10\pic\sources\c99\co
      +                          mmon\doprnt.c: 1201:     if ((*fmt)[0] == '%') {
  1318   000DDA  5010               	movf	vfpfcnvrt@fmt^0,w,c
  1319   000DDC  6ED9               	movwf	fsr2l,c
  1320   000DDE  6ADA               	clrf	fsr2h,c
  1321   000DE0  CFDF FFF6          	movff	indf2,tblptrl
  1322   000DE4                     	if	1	;There is more than 1 active tblptr byte
  1323   000DE4  0E06               	movlw	high __smallconst
  1324   000DE6  6EF7               	movwf	tblptrh,c
  1325   000DE8                     	endif
  1326   000DE8                     	if	0	;tblptru may be non-zero
  1327   000DE8                     	endif
  1328   000DE8                     	if	0	;tblptru may be non-zero
  1329   000DE8                     	endif
  1330   000DE8  0008               	tblrd		*
  1331   000DEA  50F5               	movf	tablat,w,c
  1332   000DEC  0A25               	xorlw	37
  1333   000DEE  A4D8               	btfss	status,2,c
  1334   000DF0  EFFC  F006         	goto	u1021
  1335   000DF4  EFFE  F006         	goto	u1020
  1336   000DF8                     u1021:
  1337   000DF8  EFD0  F008         	goto	l1878
  1338   000DFC                     u1020:
  1339   000DFC                     
  1340                           ;C:\Program Files\Microchip\xc8\v3.10\pic\sources\c99\common\doprnt.c: 1202:         ++*
      +                          fmt;
  1341   000DFC  5010               	movf	vfpfcnvrt@fmt^0,w,c
  1342   000DFE  6ED9               	movwf	fsr2l,c
  1343   000E00  6ADA               	clrf	fsr2h,c
  1344   000E02  2ADF               	incf	indf2,f,c
  1345   000E04                     
  1346                           ;C:\Program Files\Microchip\xc8\v3.10\pic\sources\c99\common\doprnt.c: 1204:         fla
      +                          gs = width = 0;
  1347   000E04  6A65               	clrf	(_width+1)^0,c
  1348   000E06  0E00               	movlw	0
  1349   000E08  6E64               	movwf	_width^0,c
  1350   000E0A  C064  F07E         	movff	_width,_flags
  1351   000E0E                     
  1352                           ;C:\Program Files\Microchip\xc8\v3.10\pic\sources\c99\common\doprnt.c: 1205:         pre
      +                          c = -1;
  1353   000E0E  6866               	setf	_prec^0,c
  1354   000E10  6867               	setf	(_prec+1)^0,c
  1355   000E12                     
  1356                           ;C:\Program Files\Microchip\xc8\v3.10\pic\sources\c99\common\doprnt.c: 1291:   cp = *fmt
      +                          ;
  1357   000E12  5010               	movf	vfpfcnvrt@fmt^0,w,c
  1358   000E14  6ED9               	movwf	fsr2l,c
  1359   000E16  6ADA               	clrf	fsr2h,c
  1360   000E18  50DF               	movf	indf2,w,c
  1361   000E1A  6E15               	movwf	vfpfcnvrt@cp^0,c
  1362   000E1C                     
  1363                           ;C:\Program Files\Microchip\xc8\v3.10\pic\sources\c99\common\doprnt.c: 1293:   c = *cp;
  1364   000E1C  C015  FFF6         	movff	vfpfcnvrt@cp,tblptrl
  1365   000E20                     	if	1	;There is more than 1 active tblptr byte
  1366   000E20  0E06               	movlw	high __smallconst
  1367   000E22  6EF7               	movwf	tblptrh,c
  1368   000E24                     	endif
  1369   000E24                     	if	0	;tblptru may be non-zero
  1370   000E24                     	endif
  1371   000E24                     	if	0	;tblptru may be non-zero
  1372   000E24                     	endif
  1373   000E24  0008               	tblrd		*
  1374   000E26  CFF5 F01A          	movff	tablat,vfpfcnvrt@c
  1375                           
  1376                           ;C:\Program Files\Microchip\xc8\v3.10\pic\sources\c99\common\doprnt.c: 1294:   switch(c)
      +                           {
  1377   000E2A  EF21  F007         	goto	l1802
  1378   000E2E                     l1796:
  1379                           
  1380                           ;C:\Program Files\Microchip\xc8\v3.10\pic\sources\c99\common\doprnt.c: 1309:     cp++;
  1381   000E2E  2A15               	incf	vfpfcnvrt@cp^0,f,c
  1382                           
  1383                           ;C:\Program Files\Microchip\xc8\v3.10\pic\sources\c99\common\doprnt.c: 1316:     break;
  1384   000E30  EF34  F007         	goto	l1804
  1385   000E34                     l1798:
  1386                           
  1387                           ;C:\Program Files\Microchip\xc8\v3.10\pic\sources\c99\common\doprnt.c: 1350:     c = 'i'
      +                          ;
  1388   000E34  0E69               	movlw	105
  1389   000E36  6E1A               	movwf	vfpfcnvrt@c^0,c
  1390                           
  1391                           ;C:\Program Files\Microchip\xc8\v3.10\pic\sources\c99\common\doprnt.c: 1351:     break;
  1392   000E38  EF34  F007         	goto	l1804
  1393   000E3C                     l953:
  1394                           
  1395                           ;C:\Program Files\Microchip\xc8\v3.10\pic\sources\c99\common\doprnt.c: 1353:     c = 0;
  1396   000E3C  6A1A               	clrf	vfpfcnvrt@c^0,c
  1397                           
  1398                           ;C:\Program Files\Microchip\xc8\v3.10\pic\sources\c99\common\doprnt.c: 1354:     break;
  1399   000E3E  EF34  F007         	goto	l1804
  1400   000E42                     l1802:
  1401   000E42  501A               	movf	vfpfcnvrt@c^0,w,c
  1402                           
  1403                           ; Switch size 1, requested type "simple"
  1404                           ; Number of cases is 4, Range of values is 100 to 117
  1405                           ; switch strategies available:
  1406                           ; Name         Instructions Cycles
  1407                           ; simple_byte           13     7 (average)
  1408                           ;	Chosen strategy is simple_byte
  1409   000E44  0A64               	xorlw	100	; case 100
  1410   000E46  B4D8               	btfsc	status,2,c
  1411   000E48  EF1A  F007         	goto	l1798
  1412   000E4C  0A0D               	xorlw	13	; case 105
  1413   000E4E  B4D8               	btfsc	status,2,c
  1414   000E50  EF1A  F007         	goto	l1798
  1415   000E54  0A05               	xorlw	5	; case 108
  1416   000E56  B4D8               	btfsc	status,2,c
  1417   000E58  EF17  F007         	goto	l1796
  1418   000E5C  0A19               	xorlw	25	; case 117
  1419   000E5E  B4D8               	btfsc	status,2,c
  1420   000E60  EF1A  F007         	goto	l1798
  1421   000E64  EF1E  F007         	goto	l953
  1422   000E68                     l1804:
  1423                           
  1424                           ;C:\Program Files\Microchip\xc8\v3.10\pic\sources\c99\common\doprnt.c: 1361:   if (*cp =
      +                          = 'd' || *cp == 'i') {
  1425   000E68  C015  FFF6         	movff	vfpfcnvrt@cp,tblptrl
  1426   000E6C                     	if	1	;There is more than 1 active tblptr byte
  1427   000E6C  0E06               	movlw	high __smallconst
  1428   000E6E  6EF7               	movwf	tblptrh,c
  1429   000E70                     	endif
  1430   000E70                     	if	0	;tblptru may be non-zero
  1431   000E70                     	endif
  1432   000E70                     	if	0	;tblptru may be non-zero
  1433   000E70                     	endif
  1434   000E70  0008               	tblrd		*
  1435   000E72  50F5               	movf	tablat,w,c
  1436   000E74  0A64               	xorlw	100
  1437   000E76  B4D8               	btfsc	status,2,c
  1438   000E78  EF40  F007         	goto	u1031
  1439   000E7C  EF42  F007         	goto	u1030
  1440   000E80                     u1031:
  1441   000E80  EF77  F007         	goto	l1814
  1442   000E84                     u1030:
  1443   000E84  C015  FFF6         	movff	vfpfcnvrt@cp,tblptrl
  1444   000E88                     	if	1	;There is more than 1 active tblptr byte
  1445   000E88  0E06               	movlw	high __smallconst
  1446   000E8A  6EF7               	movwf	tblptrh,c
  1447   000E8C                     	endif
  1448   000E8C                     	if	0	;tblptru may be non-zero
  1449   000E8C                     	endif
  1450   000E8C                     	if	0	;tblptru may be non-zero
  1451   000E8C                     	endif
  1452   000E8C  0008               	tblrd		*
  1453   000E8E  50F5               	movf	tablat,w,c
  1454   000E90  0A69               	xorlw	105
  1455   000E92  A4D8               	btfss	status,2,c
  1456   000E94  EF4E  F007         	goto	u1041
  1457   000E98  EF50  F007         	goto	u1040
  1458   000E9C                     u1041:
  1459   000E9C  EF12  F008         	goto	l1842
  1460   000EA0                     u1040:
  1461   000EA0  EF77  F007         	goto	l1814
  1462   000EA4                     l1808:
  1463                           
  1464                           ;C:\Program Files\Microchip\xc8\v3.10\pic\sources\c99\common\doprnt.c: 1365:      convar
      +                          g.sint = (vfpf_sint_t)(int)(*(int *)__va_arg(*(int **)ap, (int)0));
  1465   000EA4  5011               	movf	vfpfcnvrt@ap^0,w,c
  1466   000EA6  6ED9               	movwf	fsr2l,c
  1467   000EA8  6ADA               	clrf	fsr2h,c
  1468   000EAA  50DF               	movf	indf2,w,c
  1469   000EAC  2ADF               	incf	indf2,f,c
  1470   000EAE  2ADF               	incf	indf2,f,c
  1471   000EB0  6ED9               	movwf	fsr2l,c
  1472   000EB2  6ADA               	clrf	fsr2h,c
  1473   000EB4  CFDE F016          	movff	postinc2,vfpfcnvrt@convarg
  1474   000EB8  CFDD F017          	movff	postdec2,vfpfcnvrt@convarg+1
  1475   000EBC  0E00               	movlw	0
  1476   000EBE  BE17               	btfsc	(vfpfcnvrt@convarg+1)^0,7,c
  1477   000EC0  0EFF               	movlw	-1
  1478   000EC2  6E18               	movwf	(vfpfcnvrt@convarg+2)^0,c
  1479   000EC4  6E19               	movwf	(vfpfcnvrt@convarg+3)^0,c
  1480                           
  1481                           ;C:\Program Files\Microchip\xc8\v3.10\pic\sources\c99\common\doprnt.c: 1366:      break;
  1482   000EC6  EF82  F007         	goto	l1816
  1483   000ECA                     l1810:
  1484                           
  1485                           ;C:\Program Files\Microchip\xc8\v3.10\pic\sources\c99\common\doprnt.c: 1379:      convar
      +                          g.sint = (vfpf_sint_t)(*(long *)__va_arg(*(long **)ap, (long)0));
  1486   000ECA  5011               	movf	vfpfcnvrt@ap^0,w,c
  1487   000ECC  6ED9               	movwf	fsr2l,c
  1488   000ECE  6ADA               	clrf	fsr2h,c
  1489   000ED0  0E04               	movlw	4
  1490   000ED2  26DF               	addwf	indf2,f,c
  1491   000ED4  5CDF               	subwf	indf2,w,c
  1492   000ED6  6ED9               	movwf	fsr2l,c
  1493   000ED8  6ADA               	clrf	fsr2h,c
  1494   000EDA  CFDE F016          	movff	postinc2,vfpfcnvrt@convarg
  1495   000EDE  CFDE F017          	movff	postinc2,vfpfcnvrt@convarg+1
  1496   000EE2  CFDE F018          	movff	postinc2,vfpfcnvrt@convarg+2
  1497   000EE6  CFDE F019          	movff	postinc2,vfpfcnvrt@convarg+3
  1498                           
  1499                           ;C:\Program Files\Microchip\xc8\v3.10\pic\sources\c99\common\doprnt.c: 1380:      break;
  1500   000EEA  EF82  F007         	goto	l1816
  1501   000EEE                     l1814:
  1502   000EEE  501A               	movf	vfpfcnvrt@c^0,w,c
  1503                           
  1504                           ; Switch size 1, requested type "simple"
  1505                           ; Number of cases is 2, Range of values is 105 to 108
  1506                           ; switch strategies available:
  1507                           ; Name         Instructions Cycles
  1508                           ; simple_byte            7     4 (average)
  1509                           ;	Chosen strategy is simple_byte
  1510   000EF0  0A69               	xorlw	105	; case 105
  1511   000EF2  B4D8               	btfsc	status,2,c
  1512   000EF4  EF52  F007         	goto	l1808
  1513   000EF8  0A05               	xorlw	5	; case 108
  1514   000EFA  B4D8               	btfsc	status,2,c
  1515   000EFC  EF65  F007         	goto	l1810
  1516   000F00  EF82  F007         	goto	l1816
  1517   000F04                     l1816:
  1518                           
  1519                           ;C:\Program Files\Microchip\xc8\v3.10\pic\sources\c99\common\doprnt.c: 1406:    *fmt = c
      +                          p+1;
  1520   000F04  5010               	movf	vfpfcnvrt@fmt^0,w,c
  1521   000F06  6ED9               	movwf	fsr2l,c
  1522   000F08  6ADA               	clrf	fsr2h,c
  1523   000F0A  2815               	incf	vfpfcnvrt@cp^0,w,c
  1524   000F0C  6EDF               	movwf	indf2,c
  1525   000F0E                     
  1526                           ;C:\Program Files\Microchip\xc8\v3.10\pic\sources\c99\common\doprnt.c: 1408:    c = size
      +                          of(dbuf);
  1527   000F0E  0E20               	movlw	32
  1528   000F10  6E1A               	movwf	vfpfcnvrt@c^0,c
  1529   000F12                     
  1530                           ;C:\Program Files\Microchip\xc8\v3.10\pic\sources\c99\common\doprnt.c: 1409:    done = c
      +                          onvarg.sint < 0;
  1531   000F12  BE19               	btfsc	(vfpfcnvrt@convarg+3)^0,7,c
  1532   000F14  EF8E  F007         	goto	u1051
  1533   000F18  EF91  F007         	goto	u1050
  1534   000F1C                     u1051:
  1535   000F1C  0E01               	movlw	1
  1536   000F1E  EF92  F007         	goto	u1060
  1537   000F22                     u1050:
  1538   000F22  0E00               	movlw	0
  1539   000F24                     u1060:
  1540   000F24  6E14               	movwf	vfpfcnvrt@done^0,c
  1541   000F26                     l1822:
  1542                           
  1543                           ;C:\Program Files\Microchip\xc8\v3.10\pic\sources\c99\common\doprnt.c: 1411:     dbuf[--
      +                          c] = abs(convarg.sint % 10) + '0';
  1544   000F26  061A               	decf	vfpfcnvrt@c^0,f,c
  1545   000F28  501A               	movf	vfpfcnvrt@c^0,w,c
  1546   000F2A  0F80               	addlw	low _dbuf
  1547   000F2C  6ED9               	movwf	fsr2l,c
  1548   000F2E  6ADA               	clrf	fsr2h,c
  1549   000F30  C016  F001         	movff	vfpfcnvrt@convarg,___almod@dividend
  1550   000F34  C017  F002         	movff	vfpfcnvrt@convarg+1,___almod@dividend+1
  1551   000F38  C018  F003         	movff	vfpfcnvrt@convarg+2,___almod@dividend+2
  1552   000F3C  C019  F004         	movff	vfpfcnvrt@convarg+3,___almod@dividend+3
  1553   000F40  0E0A               	movlw	10
  1554   000F42  6E05               	movwf	___almod@divisor^0,c
  1555   000F44  0E00               	movlw	0
  1556   000F46  6E06               	movwf	(___almod@divisor+1)^0,c
  1557   000F48  0E00               	movlw	0
  1558   000F4A  6E07               	movwf	(___almod@divisor+2)^0,c
  1559   000F4C  0E00               	movlw	0
  1560   000F4E  6E08               	movwf	(___almod@divisor+3)^0,c
  1561   000F50  EC62  F00B         	call	___almod	;wreg free
  1562   000F54  C001  F00B         	movff	?___almod,abs@a
  1563   000F58  C002  F00C         	movff	?___almod+1,abs@a+1
  1564   000F5C  ECEA  F00D         	call	_abs	;wreg free
  1565   000F60  500B               	movf	?_abs^0,w,c
  1566   000F62  0F30               	addlw	48
  1567   000F64  6EDF               	movwf	indf2,c
  1568   000F66                     
  1569                           ;C:\Program Files\Microchip\xc8\v3.10\pic\sources\c99\common\doprnt.c: 1412:     convarg
      +                          .sint /= 10;
  1570   000F66  C016  F001         	movff	vfpfcnvrt@convarg,___aldiv@dividend
  1571   000F6A  C017  F002         	movff	vfpfcnvrt@convarg+1,___aldiv@dividend+1
  1572   000F6E  C018  F003         	movff	vfpfcnvrt@convarg+2,___aldiv@dividend+2
  1573   000F72  C019  F004         	movff	vfpfcnvrt@convarg+3,___aldiv@dividend+3
  1574   000F76  0E0A               	movlw	10
  1575   000F78  6E05               	movwf	___aldiv@divisor^0,c
  1576   000F7A  0E00               	movlw	0
  1577   000F7C  6E06               	movwf	(___aldiv@divisor+1)^0,c
  1578   000F7E  0E00               	movlw	0
  1579   000F80  6E07               	movwf	(___aldiv@divisor+2)^0,c
  1580   000F82  0E00               	movlw	0
  1581   000F84  6E08               	movwf	(___aldiv@divisor+3)^0,c
  1582   000F86  ECDD  F00A         	call	___aldiv	;wreg free
  1583   000F8A  C001  F016         	movff	?___aldiv,vfpfcnvrt@convarg
  1584   000F8E  C002  F017         	movff	?___aldiv+1,vfpfcnvrt@convarg+1
  1585   000F92  C003  F018         	movff	?___aldiv+2,vfpfcnvrt@convarg+2
  1586   000F96  C004  F019         	movff	?___aldiv+3,vfpfcnvrt@convarg+3
  1587   000F9A                     
  1588                           ;C:\Program Files\Microchip\xc8\v3.10\pic\sources\c99\common\doprnt.c: 1416:    } while 
      +                          (convarg.sint != 0 && c != 0);
  1589   000F9A  5016               	movf	vfpfcnvrt@convarg^0,w,c
  1590   000F9C  1017               	iorwf	(vfpfcnvrt@convarg+1)^0,w,c
  1591   000F9E  1018               	iorwf	(vfpfcnvrt@convarg+2)^0,w,c
  1592   000FA0  1019               	iorwf	(vfpfcnvrt@convarg+3)^0,w,c
  1593   000FA2  B4D8               	btfsc	status,2,c
  1594   000FA4  EFD6  F007         	goto	u1071
  1595   000FA8  EFD8  F007         	goto	u1070
  1596   000FAC                     u1071:
  1597   000FAC  EFE0  F007         	goto	l1830
  1598   000FB0                     u1070:
  1599   000FB0  501A               	movf	vfpfcnvrt@c^0,w,c
  1600   000FB2  A4D8               	btfss	status,2,c
  1601   000FB4  EFDE  F007         	goto	u1081
  1602   000FB8  EFE0  F007         	goto	u1080
  1603   000FBC                     u1081:
  1604   000FBC  EF93  F007         	goto	l1822
  1605   000FC0                     u1080:
  1606   000FC0                     l1830:
  1607                           
  1608                           ;C:\Program Files\Microchip\xc8\v3.10\pic\sources\c99\common\doprnt.c: 1417:    if (c !=
      +                           0 && done) {
  1609   000FC0  501A               	movf	vfpfcnvrt@c^0,w,c
  1610   000FC2  B4D8               	btfsc	status,2,c
  1611   000FC4  EFE6  F007         	goto	u1091
  1612   000FC8  EFE8  F007         	goto	u1090
  1613   000FCC                     u1091:
  1614   000FCC  EF07  F008         	goto	l1840
  1615   000FD0                     u1090:
  1616   000FD0  5014               	movf	vfpfcnvrt@done^0,w,c
  1617   000FD2  B4D8               	btfsc	status,2,c
  1618   000FD4  EFEE  F007         	goto	u1101
  1619   000FD8  EFF0  F007         	goto	u1100
  1620   000FDC                     u1101:
  1621   000FDC  EF07  F008         	goto	l1840
  1622   000FE0                     u1100:
  1623   000FE0                     
  1624                           ;C:\Program Files\Microchip\xc8\v3.10\pic\sources\c99\common\doprnt.c: 1418:     dbuf[--
      +                          c] = '-';
  1625   000FE0  061A               	decf	vfpfcnvrt@c^0,f,c
  1626   000FE2  501A               	movf	vfpfcnvrt@c^0,w,c
  1627   000FE4  0F80               	addlw	low _dbuf
  1628   000FE6  6ED9               	movwf	fsr2l,c
  1629   000FE8  6ADA               	clrf	fsr2h,c
  1630   000FEA  0E2D               	movlw	45
  1631   000FEC  6EDF               	movwf	indf2,c
  1632   000FEE  EF07  F008         	goto	l1840
  1633   000FF2                     l1836:
  1634                           
  1635                           ;C:\Program Files\Microchip\xc8\v3.10\pic\sources\c99\common\doprnt.c: 1424:     fputc(d
      +                          buf[c++], fp);
  1636   000FF2  501A               	movf	vfpfcnvrt@c^0,w,c
  1637   000FF4  0F80               	addlw	low _dbuf
  1638   000FF6  6ED9               	movwf	fsr2l,c
  1639   000FF8  6ADA               	clrf	fsr2h,c
  1640   000FFA  50DF               	movf	indf2,w,c
  1641   000FFC  6E12               	movwf	??_vfpfcnvrt^0,c
  1642   000FFE  5012               	movf	??_vfpfcnvrt^0,w,c
  1643   001000  6E01               	movwf	fputc@c^0,c
  1644   001002  6A02               	clrf	(fputc@c+1)^0,c
  1645   001004  C00F  F003         	movff	vfpfcnvrt@fp,fputc@fp
  1646   001008  EC43  F00C         	call	_fputc	;wreg free
  1647   00100C  2A1A               	incf	vfpfcnvrt@c^0,f,c
  1648   00100E                     l1840:
  1649                           
  1650                           ;C:\Program Files\Microchip\xc8\v3.10\pic\sources\c99\common\doprnt.c: 1423:    while (c
      +                           != sizeof(dbuf)) {
  1651   00100E  0E20               	movlw	32
  1652   001010  181A               	xorwf	vfpfcnvrt@c^0,w,c
  1653   001012  A4D8               	btfss	status,2,c
  1654   001014  EF0E  F008         	goto	u1111
  1655   001018  EF10  F008         	goto	u1110
  1656   00101C                     u1111:
  1657   00101C  EFF9  F007         	goto	l1836
  1658   001020                     u1110:
  1659   001020  EFE1  F008         	goto	l969
  1660   001024                     l1842:
  1661   001024  C015  FFF6         	movff	vfpfcnvrt@cp,tblptrl
  1662   001028                     	if	1	;There is more than 1 active tblptr byte
  1663   001028  0E06               	movlw	high __smallconst
  1664   00102A  6EF7               	movwf	tblptrh,c
  1665   00102C                     	endif
  1666   00102C                     	if	0	;tblptru may be non-zero
  1667   00102C                     	endif
  1668   00102C                     	if	0	;tblptru may be non-zero
  1669   00102C                     	endif
  1670   00102C  0008               	tblrd		*
  1671   00102E  50F5               	movf	tablat,w,c
  1672   001030  0A75               	xorlw	117
  1673   001032  A4D8               	btfss	status,2,c
  1674   001034  EF1E  F008         	goto	u1121
  1675   001038  EF20  F008         	goto	u1120
  1676   00103C                     u1121:
  1677   00103C  EFCA  F008         	goto	l1874
  1678   001040                     u1120:
  1679   001040  EF48  F008         	goto	l1850
  1680   001044                     l1844:
  1681                           
  1682                           ;C:\Program Files\Microchip\xc8\v3.10\pic\sources\c99\common\doprnt.c: 1456:      convar
      +                          g.uint = (vfpf_uint_t)(unsigned int)(*(unsigned int *)__va_arg(*(unsigned int **)ap, (un
      +                          signed int)0));
  1683   001044  5011               	movf	vfpfcnvrt@ap^0,w,c
  1684   001046  6ED9               	movwf	fsr2l,c
  1685   001048  6ADA               	clrf	fsr2h,c
  1686   00104A  50DF               	movf	indf2,w,c
  1687   00104C  2ADF               	incf	indf2,f,c
  1688   00104E  2ADF               	incf	indf2,f,c
  1689   001050  6ED9               	movwf	fsr2l,c
  1690   001052  6ADA               	clrf	fsr2h,c
  1691   001054  CFDE F012          	movff	postinc2,??_vfpfcnvrt
  1692   001058  CFDD F013          	movff	postdec2,??_vfpfcnvrt+1
  1693   00105C  C012  F016         	movff	??_vfpfcnvrt,vfpfcnvrt@convarg
  1694   001060  C013  F017         	movff	??_vfpfcnvrt+1,vfpfcnvrt@convarg+1
  1695   001064  6A18               	clrf	(vfpfcnvrt@convarg+2)^0,c
  1696   001066  6A19               	clrf	(vfpfcnvrt@convarg+3)^0,c
  1697                           
  1698                           ;C:\Program Files\Microchip\xc8\v3.10\pic\sources\c99\common\doprnt.c: 1457:      break;
  1699   001068  EF53  F008         	goto	l1852
  1700   00106C                     l1846:
  1701                           
  1702                           ;C:\Program Files\Microchip\xc8\v3.10\pic\sources\c99\common\doprnt.c: 1470:      convar
      +                          g.uint = (vfpf_uint_t)(*(unsigned long *)__va_arg(*(unsigned long **)ap, (unsigned long)
      +                          0));
  1703   00106C  5011               	movf	vfpfcnvrt@ap^0,w,c
  1704   00106E  6ED9               	movwf	fsr2l,c
  1705   001070  6ADA               	clrf	fsr2h,c
  1706   001072  0E04               	movlw	4
  1707   001074  26DF               	addwf	indf2,f,c
  1708   001076  5CDF               	subwf	indf2,w,c
  1709   001078  6ED9               	movwf	fsr2l,c
  1710   00107A  6ADA               	clrf	fsr2h,c
  1711   00107C  CFDE F016          	movff	postinc2,vfpfcnvrt@convarg
  1712   001080  CFDE F017          	movff	postinc2,vfpfcnvrt@convarg+1
  1713   001084  CFDE F018          	movff	postinc2,vfpfcnvrt@convarg+2
  1714   001088  CFDE F019          	movff	postinc2,vfpfcnvrt@convarg+3
  1715                           
  1716                           ;C:\Program Files\Microchip\xc8\v3.10\pic\sources\c99\common\doprnt.c: 1471:      break;
  1717   00108C  EF53  F008         	goto	l1852
  1718   001090                     l1850:
  1719   001090  501A               	movf	vfpfcnvrt@c^0,w,c
  1720                           
  1721                           ; Switch size 1, requested type "simple"
  1722                           ; Number of cases is 2, Range of values is 105 to 108
  1723                           ; switch strategies available:
  1724                           ; Name         Instructions Cycles
  1725                           ; simple_byte            7     4 (average)
  1726                           ;	Chosen strategy is simple_byte
  1727   001092  0A69               	xorlw	105	; case 105
  1728   001094  B4D8               	btfsc	status,2,c
  1729   001096  EF22  F008         	goto	l1844
  1730   00109A  0A05               	xorlw	5	; case 108
  1731   00109C  B4D8               	btfsc	status,2,c
  1732   00109E  EF36  F008         	goto	l1846
  1733   0010A2  EF53  F008         	goto	l1852
  1734   0010A6                     l1852:
  1735                           
  1736                           ;C:\Program Files\Microchip\xc8\v3.10\pic\sources\c99\common\doprnt.c: 1497:    *fmt = c
      +                          p+1;
  1737   0010A6  5010               	movf	vfpfcnvrt@fmt^0,w,c
  1738   0010A8  6ED9               	movwf	fsr2l,c
  1739   0010AA  6ADA               	clrf	fsr2h,c
  1740   0010AC  2815               	incf	vfpfcnvrt@cp^0,w,c
  1741   0010AE  6EDF               	movwf	indf2,c
  1742                           
  1743                           ;C:\Program Files\Microchip\xc8\v3.10\pic\sources\c99\common\doprnt.c: 1498:    switch (
      +                          *cp) {
  1744   0010B0  EFBE  F008         	goto	l1872
  1745   0010B4                     l1854:
  1746                           
  1747                           ;C:\Program Files\Microchip\xc8\v3.10\pic\sources\c99\common\doprnt.c: 1525:      c = si
      +                          zeof(dbuf);
  1748   0010B4  0E20               	movlw	32
  1749   0010B6  6E1A               	movwf	vfpfcnvrt@c^0,c
  1750   0010B8                     l1856:
  1751                           
  1752                           ;C:\Program Files\Microchip\xc8\v3.10\pic\sources\c99\common\doprnt.c: 1527:       dbuf[
      +                          --c] = (convarg.uint % 10) + '0';
  1753   0010B8  061A               	decf	vfpfcnvrt@c^0,f,c
  1754   0010BA  501A               	movf	vfpfcnvrt@c^0,w,c
  1755   0010BC  0F80               	addlw	low _dbuf
  1756   0010BE  6ED9               	movwf	fsr2l,c
  1757   0010C0  6ADA               	clrf	fsr2h,c
  1758   0010C2  C016  F001         	movff	vfpfcnvrt@convarg,___llmod@dividend
  1759   0010C6  C017  F002         	movff	vfpfcnvrt@convarg+1,___llmod@dividend+1
  1760   0010CA  C018  F003         	movff	vfpfcnvrt@convarg+2,___llmod@dividend+2
  1761   0010CE  C019  F004         	movff	vfpfcnvrt@convarg+3,___llmod@dividend+3
  1762   0010D2  0E0A               	movlw	10
  1763   0010D4  6E05               	movwf	___llmod@divisor^0,c
  1764   0010D6  0E00               	movlw	0
  1765   0010D8  6E06               	movwf	(___llmod@divisor+1)^0,c
  1766   0010DA  0E00               	movlw	0
  1767   0010DC  6E07               	movwf	(___llmod@divisor+2)^0,c
  1768   0010DE  0E00               	movlw	0
  1769   0010E0  6E08               	movwf	(___llmod@divisor+3)^0,c
  1770   0010E2  ECEA  F00C         	call	___llmod	;wreg free
  1771   0010E6  5001               	movf	?___llmod^0,w,c
  1772   0010E8  0F30               	addlw	48
  1773   0010EA  6EDF               	movwf	indf2,c
  1774   0010EC                     
  1775                           ;C:\Program Files\Microchip\xc8\v3.10\pic\sources\c99\common\doprnt.c: 1528:       conva
      +                          rg.uint /= 10;
  1776   0010EC  C016  F001         	movff	vfpfcnvrt@convarg,___lldiv@dividend
  1777   0010F0  C017  F002         	movff	vfpfcnvrt@convarg+1,___lldiv@dividend+1
  1778   0010F4  C018  F003         	movff	vfpfcnvrt@convarg+2,___lldiv@dividend+2
  1779   0010F8  C019  F004         	movff	vfpfcnvrt@convarg+3,___lldiv@dividend+3
  1780   0010FC  0E0A               	movlw	10
  1781   0010FE  6E05               	movwf	___lldiv@divisor^0,c
  1782   001100  0E00               	movlw	0
  1783   001102  6E06               	movwf	(___lldiv@divisor+1)^0,c
  1784   001104  0E00               	movlw	0
  1785   001106  6E07               	movwf	(___lldiv@divisor+2)^0,c
  1786   001108  0E00               	movlw	0
  1787   00110A  6E08               	movwf	(___lldiv@divisor+3)^0,c
  1788   00110C  EC98  F00C         	call	___lldiv	;wreg free
  1789   001110  C001  F016         	movff	?___lldiv,vfpfcnvrt@convarg
  1790   001114  C002  F017         	movff	?___lldiv+1,vfpfcnvrt@convarg+1
  1791   001118  C003  F018         	movff	?___lldiv+2,vfpfcnvrt@convarg+2
  1792   00111C  C004  F019         	movff	?___lldiv+3,vfpfcnvrt@convarg+3
  1793   001120                     
  1794                           ;C:\Program Files\Microchip\xc8\v3.10\pic\sources\c99\common\doprnt.c: 1532:      } whil
      +                          e (convarg.uint != 0 && c != 0);
  1795   001120  5016               	movf	vfpfcnvrt@convarg^0,w,c
  1796   001122  1017               	iorwf	(vfpfcnvrt@convarg+1)^0,w,c
  1797   001124  1018               	iorwf	(vfpfcnvrt@convarg+2)^0,w,c
  1798   001126  1019               	iorwf	(vfpfcnvrt@convarg+3)^0,w,c
  1799   001128  B4D8               	btfsc	status,2,c
  1800   00112A  EF99  F008         	goto	u1131
  1801   00112E  EF9B  F008         	goto	u1130
  1802   001132                     u1131:
  1803   001132  EFB3  F008         	goto	l1868
  1804   001136                     u1130:
  1805   001136  501A               	movf	vfpfcnvrt@c^0,w,c
  1806   001138  A4D8               	btfss	status,2,c
  1807   00113A  EFA1  F008         	goto	u1141
  1808   00113E  EFA3  F008         	goto	u1140
  1809   001142                     u1141:
  1810   001142  EF5C  F008         	goto	l1856
  1811   001146                     u1140:
  1812   001146  EFB3  F008         	goto	l1868
  1813   00114A                     l1864:
  1814                           
  1815                           ;C:\Program Files\Microchip\xc8\v3.10\pic\sources\c99\common\doprnt.c: 1534:       fputc
      +                          (dbuf[c++], fp);
  1816   00114A  501A               	movf	vfpfcnvrt@c^0,w,c
  1817   00114C  0F80               	addlw	low _dbuf
  1818   00114E  6ED9               	movwf	fsr2l,c
  1819   001150  6ADA               	clrf	fsr2h,c
  1820   001152  50DF               	movf	indf2,w,c
  1821   001154  6E12               	movwf	??_vfpfcnvrt^0,c
  1822   001156  5012               	movf	??_vfpfcnvrt^0,w,c
  1823   001158  6E01               	movwf	fputc@c^0,c
  1824   00115A  6A02               	clrf	(fputc@c+1)^0,c
  1825   00115C  C00F  F003         	movff	vfpfcnvrt@fp,fputc@fp
  1826   001160  EC43  F00C         	call	_fputc	;wreg free
  1827   001164  2A1A               	incf	vfpfcnvrt@c^0,f,c
  1828   001166                     l1868:
  1829                           
  1830                           ;C:\Program Files\Microchip\xc8\v3.10\pic\sources\c99\common\doprnt.c: 1533:      while 
      +                          (c != sizeof(dbuf)) {
  1831   001166  0E20               	movlw	32
  1832   001168  181A               	xorwf	vfpfcnvrt@c^0,w,c
  1833   00116A  A4D8               	btfss	status,2,c
  1834   00116C  EFBA  F008         	goto	u1151
  1835   001170  EFBC  F008         	goto	u1150
  1836   001174                     u1151:
  1837   001174  EFA5  F008         	goto	l1864
  1838   001178                     u1150:
  1839   001178  EFE1  F008         	goto	l969
  1840   00117C                     l1872:
  1841   00117C  C015  FFF6         	movff	vfpfcnvrt@cp,tblptrl
  1842   001180                     	if	1	;There is more than 1 active tblptr byte
  1843   001180  0E06               	movlw	high __smallconst
  1844   001182  6EF7               	movwf	tblptrh,c
  1845   001184                     	endif
  1846   001184                     	if	0	;tblptru may be non-zero
  1847   001184                     	endif
  1848   001184                     	if	0	;tblptru may be non-zero
  1849   001184                     	endif
  1850   001184  0008               	tblrd		*
  1851   001186  50F5               	movf	tablat,w,c
  1852                           
  1853                           ; Switch size 1, requested type "simple"
  1854                           ; Number of cases is 1, Range of values is 117 to 117
  1855                           ; switch strategies available:
  1856                           ; Name         Instructions Cycles
  1857                           ; simple_byte            4     3 (average)
  1858                           ;	Chosen strategy is simple_byte
  1859   001188  0A75               	xorlw	117	; case 117
  1860   00118A  B4D8               	btfsc	status,2,c
  1861   00118C  EF5A  F008         	goto	l1854
  1862   001190  EFCA  F008         	goto	l1874
  1863   001194                     l1874:
  1864                           
  1865                           ;C:\Program Files\Microchip\xc8\v3.10\pic\sources\c99\common\doprnt.c: 1806:         ++*
      +                          fmt;
  1866   001194  5010               	movf	vfpfcnvrt@fmt^0,w,c
  1867   001196  6ED9               	movwf	fsr2l,c
  1868   001198  6ADA               	clrf	fsr2h,c
  1869   00119A  2ADF               	incf	indf2,f,c
  1870   00119C  EFE1  F008         	goto	l969
  1871   0011A0                     l1878:
  1872                           
  1873                           ;C:\Program Files\Microchip\xc8\v3.10\pic\sources\c99\common\doprnt.c: 1811:     fputc((
      +                          int)(*fmt)[0], fp);
  1874   0011A0  5010               	movf	vfpfcnvrt@fmt^0,w,c
  1875   0011A2  6ED9               	movwf	fsr2l,c
  1876   0011A4  6ADA               	clrf	fsr2h,c
  1877   0011A6  CFDF FFF6          	movff	indf2,tblptrl
  1878   0011AA                     	if	1	;There is more than 1 active tblptr byte
  1879   0011AA  0E06               	movlw	high __smallconst
  1880   0011AC  6EF7               	movwf	tblptrh,c
  1881   0011AE                     	endif
  1882   0011AE                     	if	0	;tblptru may be non-zero
  1883   0011AE                     	endif
  1884   0011AE                     	if	0	;tblptru may be non-zero
  1885   0011AE                     	endif
  1886   0011AE  0008               	tblrd		*
  1887   0011B0  50F5               	movf	tablat,w,c
  1888   0011B2  6E01               	movwf	fputc@c^0,c
  1889   0011B4  6A02               	clrf	(fputc@c+1)^0,c
  1890   0011B6  C00F  F003         	movff	vfpfcnvrt@fp,fputc@fp
  1891   0011BA  EC43  F00C         	call	_fputc	;wreg free
  1892   0011BE  EFCA  F008         	goto	l1874
  1893   0011C2                     l969:
  1894   0011C2  0012               	return		;funcret
  1895   0011C4                     __end_of_vfpfcnvrt:
  1896                           	callstack 0
  1897                           
  1898 ;; *************** function _fputc *****************
  1899 ;; Defined at:
  1900 ;;		line 8 in file "C:\Program Files\Microchip\xc8\v3.10\pic\sources\c99\common\nf_fputc.c"
  1901 ;; Parameters:    Size  Location     Type
  1902 ;;  c               2    0[COMRAM] int 
  1903 ;;  fp              1    2[COMRAM] PTR struct _IO_FILE
  1904 ;;		 -> sprintf@f(11), 
  1905 ;; Auto vars:     Size  Location     Type
  1906 ;;		None
  1907 ;; Return value:  Size  Location     Type
  1908 ;;                  2    0[COMRAM] int 
  1909 ;; Registers used:
  1910 ;;		wreg, fsr1l, fsr1h, fsr2l, fsr2h, status,2, status,0, cstack
  1911 ;; Tracked objects:
  1912 ;;		On entry : 0/0
  1913 ;;		On exit  : 0/0
  1914 ;;		Unchanged: 0/0
  1915 ;; Data sizes:     COMRAM   BANK0   BANK1   BANK2   BANK3   BANK4   BANK5
  1916 ;;      Params:         3       0       0       0       0       0       0
  1917 ;;      Locals:         0       0       0       0       0       0       0
  1918 ;;      Temps:          5       0       0       0       0       0       0
  1919 ;;      Totals:         8       0       0       0       0       0       0
  1920 ;;Total ram usage:        8 bytes
  1921 ;; Hardware stack levels used: 1
  1922 ;; Hardware stack levels required when called: 1
  1923 ;; This function calls:
  1924 ;;		_putch
  1925 ;; This function is called by:
  1926 ;;		_vfpfcnvrt
  1927 ;; This function uses a non-reentrant model
  1928 ;;
  1929                           
  1930                           	psect	text4
  1931   001886                     __ptext4:
  1932                           	callstack 0
  1933   001886                     _fputc:
  1934                           	callstack 26
  1935   001886  5003               	movf	fputc@fp^0,w,c
  1936   001888  B4D8               	btfsc	status,2,c
  1937   00188A  EF49  F00C         	goto	u891
  1938   00188E  EF4B  F00C         	goto	u890
  1939   001892                     u891:
  1940   001892  EF53  F00C         	goto	l1756
  1941   001896                     u890:
  1942   001896  5003               	movf	fputc@fp^0,w,c
  1943   001898  A4D8               	btfss	status,2,c
  1944   00189A  EF51  F00C         	goto	u901
  1945   00189E  EF53  F00C         	goto	u900
  1946   0018A2                     u901:
  1947   0018A2  EF58  F00C         	goto	l1758
  1948   0018A6                     u900:
  1949   0018A6                     l1756:
  1950   0018A6  5001               	movf	fputc@c^0,w,c
  1951   0018A8  EC8D  F00E         	call	_putch
  1952   0018AC  EF97  F00C         	goto	l1011
  1953   0018B0                     l1758:
  1954   0018B0  5003               	movf	fputc@fp^0,w,c
  1955   0018B2  6ED9               	movwf	fsr2l,c
  1956   0018B4  6ADA               	clrf	fsr2h,c
  1957   0018B6  0E09               	movlw	9
  1958   0018B8  26D9               	addwf	fsr2l,f,c
  1959   0018BA  50DE               	movf	postinc2,w,c
  1960   0018BC  10DE               	iorwf	postinc2,w,c
  1961   0018BE  B4D8               	btfsc	status,2,c
  1962   0018C0  EF64  F00C         	goto	u911
  1963   0018C4  EF66  F00C         	goto	u910
  1964   0018C8                     u911:
  1965   0018C8  EF7F  F00C         	goto	l1762
  1966   0018CC                     u910:
  1967   0018CC  5003               	movf	fputc@fp^0,w,c
  1968   0018CE  6ED9               	movwf	fsr2l,c
  1969   0018D0  6ADA               	clrf	fsr2h,c
  1970   0018D2  0E09               	movlw	9
  1971   0018D4  26D9               	addwf	fsr2l,f,c
  1972   0018D6  5003               	movf	fputc@fp^0,w,c
  1973   0018D8  6EE1               	movwf	fsr1l,c
  1974   0018DA  6AE2               	clrf	fsr1h,c
  1975   0018DC  0E02               	movlw	2
  1976   0018DE  26E1               	addwf	fsr1l,f,c
  1977   0018E0  50DE               	movf	postinc2,w,c
  1978   0018E2  5CE6               	subwf	postinc1,w,c
  1979   0018E4  50E6               	movf	postinc1,w,c
  1980   0018E6  0A80               	xorlw	128
  1981   0018E8  6E08               	movwf	(??_fputc+4)^0,c
  1982   0018EA  50DE               	movf	postinc2,w,c
  1983   0018EC  0A80               	xorlw	128
  1984   0018EE  5808               	subwfb	(??_fputc+4)^0,w,c
  1985   0018F0  B0D8               	btfsc	status,0,c
  1986   0018F2  EF7D  F00C         	goto	u921
  1987   0018F6  EF7F  F00C         	goto	u920
  1988   0018FA                     u921:
  1989   0018FA  EF97  F00C         	goto	l1011
  1990   0018FE                     u920:
  1991   0018FE                     l1762:
  1992   0018FE  5003               	movf	fputc@fp^0,w,c
  1993   001900  6ED9               	movwf	fsr2l,c
  1994   001902  6ADA               	clrf	fsr2h,c
  1995   001904  0E02               	movlw	2
  1996   001906  26D9               	addwf	fsr2l,f,c
  1997   001908  50DF               	movf	indf2,w,c
  1998   00190A  6E04               	movwf	??_fputc^0,c
  1999   00190C  5003               	movf	fputc@fp^0,w,c
  2000   00190E  6ED9               	movwf	fsr2l,c
  2001   001910  6ADA               	clrf	fsr2h,c
  2002   001912  50DF               	movf	indf2,w,c
  2003   001914  2404               	addwf	??_fputc^0,w,c
  2004   001916  6ED9               	movwf	fsr2l,c
  2005   001918  6ADA               	clrf	fsr2h,c
  2006   00191A  C001  FFDF         	movff	fputc@c,indf2
  2007   00191E  5003               	movf	fputc@fp^0,w,c
  2008   001920  6ED9               	movwf	fsr2l,c
  2009   001922  6ADA               	clrf	fsr2h,c
  2010   001924  0E02               	movlw	2
  2011   001926  26D9               	addwf	fsr2l,f,c
  2012   001928  2ADE               	incf	postinc2,f,c
  2013   00192A  0E00               	movlw	0
  2014   00192C  22DD               	addwfc	postdec2,f,c
  2015   00192E                     l1011:
  2016   00192E  0012               	return		;funcret
  2017   001930                     __end_of_fputc:
  2018                           	callstack 0
  2019                           
  2020 ;; *************** function _putch *****************
  2021 ;; Defined at:
  2022 ;;		line 7 in file "C:\Program Files\Microchip\xc8\v3.10\pic\sources\c99\common\putch.c"
  2023 ;; Parameters:    Size  Location     Type
  2024 ;;  c               1    wreg     unsigned char 
  2025 ;; Auto vars:     Size  Location     Type
  2026 ;;  c               1    0[COMRAM] unsigned char 
  2027 ;; Return value:  Size  Location     Type
  2028 ;;                  1    wreg      void 
  2029 ;; Registers used:
  2030 ;;		wreg
  2031 ;; Tracked objects:
  2032 ;;		On entry : 0/0
  2033 ;;		On exit  : 0/0
  2034 ;;		Unchanged: 0/0
  2035 ;; Data sizes:     COMRAM   BANK0   BANK1   BANK2   BANK3   BANK4   BANK5
  2036 ;;      Params:         0       0       0       0       0       0       0
  2037 ;;      Locals:         0       0       0       0       0       0       0
  2038 ;;      Temps:          0       0       0       0       0       0       0
  2039 ;;      Totals:         0       0       0       0       0       0       0
  2040 ;;Total ram usage:        0 bytes
  2041 ;; Hardware stack levels used: 1
  2042 ;; This function calls:
  2043 ;;		Nothing
  2044 ;; This function is called by:
  2045 ;;		_fputc
  2046 ;; This function uses a non-reentrant model
  2047 ;;
  2048                           
  2049                           	psect	text5
  2050   001D1A                     __ptext5:
  2051                           	callstack 0
  2052   001D1A                     _putch:
  2053                           	callstack 26
  2054   001D1A  0012               	return		;funcret
  2055   001D1C                     __end_of_putch:
  2056                           	callstack 0
  2057                           
  2058 ;; *************** function _abs *****************
  2059 ;; Defined at:
  2060 ;;		line 1 in file "C:\Program Files\Microchip\xc8\v3.10\pic\sources\c99\common\abs.c"
  2061 ;; Parameters:    Size  Location     Type
  2062 ;;  a               2   10[COMRAM] int 
  2063 ;; Auto vars:     Size  Location     Type
  2064 ;;		None
  2065 ;; Return value:  Size  Location     Type
  2066 ;;                  2   10[COMRAM] int 
  2067 ;; Registers used:
  2068 ;;		wreg, status,2, status,0
  2069 ;; Tracked objects:
  2070 ;;		On entry : 0/0
  2071 ;;		On exit  : 0/0
  2072 ;;		Unchanged: 0/0
  2073 ;; Data sizes:     COMRAM   BANK0   BANK1   BANK2   BANK3   BANK4   BANK5
  2074 ;;      Params:         2       0       0       0       0       0       0
  2075 ;;      Locals:         0       0       0       0       0       0       0
  2076 ;;      Temps:          2       0       0       0       0       0       0
  2077 ;;      Totals:         4       0       0       0       0       0       0
  2078 ;;Total ram usage:        4 bytes
  2079 ;; Hardware stack levels used: 1
  2080 ;; This function calls:
  2081 ;;		Nothing
  2082 ;; This function is called by:
  2083 ;;		_vfpfcnvrt
  2084 ;; This function uses a non-reentrant model
  2085 ;;
  2086                           
  2087                           	psect	text6
  2088   001BD4                     __ptext6:
  2089                           	callstack 0
  2090   001BD4                     _abs:
  2091                           	callstack 27
  2092   001BD4  BE0C               	btfsc	(abs@a+1)^0,7,c
  2093   001BD6  EFEF  F00D         	goto	u931
  2094   001BDA  EFF1  F00D         	goto	u930
  2095   001BDE                     u931:
  2096   001BDE  EFF7  F00D         	goto	l996
  2097   001BE2                     u930:
  2098   001BE2  C00B  F00B         	movff	abs@a,?_abs
  2099   001BE6  C00C  F00C         	movff	abs@a+1,?_abs+1
  2100   001BEA  EF03  F00E         	goto	l999
  2101   001BEE                     l996:
  2102   001BEE  C00B  F00D         	movff	abs@a,??_abs
  2103   001BF2  C00C  F00E         	movff	abs@a+1,??_abs+1
  2104   001BF6  1E0D               	comf	??_abs^0,f,c
  2105   001BF8  1E0E               	comf	(??_abs+1)^0,f,c
  2106   001BFA  4A0D               	infsnz	??_abs^0,f,c
  2107   001BFC  2A0E               	incf	(??_abs+1)^0,f,c
  2108   001BFE  C00D  F00B         	movff	??_abs,?_abs
  2109   001C02  C00E  F00C         	movff	??_abs+1,?_abs+1
  2110   001C06                     l999:
  2111   001C06  0012               	return		;funcret
  2112   001C08                     __end_of_abs:
  2113                           	callstack 0
  2114                           
  2115 ;; *************** function ___llmod *****************
  2116 ;; Defined at:
  2117 ;;		line 7 in file "C:\Program Files\Microchip\xc8\v3.10\pic\sources\c99\common\llmod.c"
  2118 ;; Parameters:    Size  Location     Type
  2119 ;;  dividend        4    0[COMRAM] unsigned long 
  2120 ;;  divisor         4    4[COMRAM] unsigned long 
  2121 ;; Auto vars:     Size  Location     Type
  2122 ;;  counter         1    8[COMRAM] unsigned char 
  2123 ;; Return value:  Size  Location     Type
  2124 ;;                  4    0[COMRAM] unsigned long 
  2125 ;; Registers used:
  2126 ;;		wreg, status,2, status,0
  2127 ;; Tracked objects:
  2128 ;;		On entry : 0/0
  2129 ;;		On exit  : 0/0
  2130 ;;		Unchanged: 0/0
  2131 ;; Data sizes:     COMRAM   BANK0   BANK1   BANK2   BANK3   BANK4   BANK5
  2132 ;;      Params:         8       0       0       0       0       0       0
  2133 ;;      Locals:         1       0       0       0       0       0       0
  2134 ;;      Temps:          0       0       0       0       0       0       0
  2135 ;;      Totals:         9       0       0       0       0       0       0
  2136 ;;Total ram usage:        9 bytes
  2137 ;; Hardware stack levels used: 1
  2138 ;; This function calls:
  2139 ;;		Nothing
  2140 ;; This function is called by:
  2141 ;;		_vfpfcnvrt
  2142 ;; This function uses a non-reentrant model
  2143 ;;
  2144                           
  2145                           	psect	text7
  2146   0019D4                     __ptext7:
  2147                           	callstack 0
  2148   0019D4                     ___llmod:
  2149                           	callstack 27
  2150   0019D4  5005               	movf	___llmod@divisor^0,w,c
  2151   0019D6  1006               	iorwf	(___llmod@divisor+1)^0,w,c
  2152   0019D8  1007               	iorwf	(___llmod@divisor+2)^0,w,c
  2153   0019DA  1008               	iorwf	(___llmod@divisor+3)^0,w,c
  2154   0019DC  B4D8               	btfsc	status,2,c
  2155   0019DE  EFF3  F00C         	goto	u861
  2156   0019E2  EFF5  F00C         	goto	u860
  2157   0019E6                     u861:
  2158   0019E6  EF25  F00D         	goto	l662
  2159   0019EA                     u860:
  2160   0019EA  0E01               	movlw	1
  2161   0019EC  6E09               	movwf	___llmod@counter^0,c
  2162   0019EE  EFFF  F00C         	goto	l1742
  2163   0019F2                     l1740:
  2164   0019F2  90D8               	bcf	status,0,c
  2165   0019F4  3605               	rlcf	___llmod@divisor^0,f,c
  2166   0019F6  3606               	rlcf	(___llmod@divisor+1)^0,f,c
  2167   0019F8  3607               	rlcf	(___llmod@divisor+2)^0,f,c
  2168   0019FA  3608               	rlcf	(___llmod@divisor+3)^0,f,c
  2169   0019FC  2A09               	incf	___llmod@counter^0,f,c
  2170   0019FE                     l1742:
  2171   0019FE  AE08               	btfss	(___llmod@divisor+3)^0,7,c
  2172   001A00  EF04  F00D         	goto	u871
  2173   001A04  EF06  F00D         	goto	u870
  2174   001A08                     u871:
  2175   001A08  EFF9  F00C         	goto	l1740
  2176   001A0C                     u870:
  2177   001A0C                     l1744:
  2178   001A0C  5005               	movf	___llmod@divisor^0,w,c
  2179   001A0E  5C01               	subwf	___llmod@dividend^0,w,c
  2180   001A10  5006               	movf	(___llmod@divisor+1)^0,w,c
  2181   001A12  5802               	subwfb	(___llmod@dividend+1)^0,w,c
  2182   001A14  5007               	movf	(___llmod@divisor+2)^0,w,c
  2183   001A16  5803               	subwfb	(___llmod@dividend+2)^0,w,c
  2184   001A18  5008               	movf	(___llmod@divisor+3)^0,w,c
  2185   001A1A  5804               	subwfb	(___llmod@dividend+3)^0,w,c
  2186   001A1C  A0D8               	btfss	status,0,c
  2187   001A1E  EF13  F00D         	goto	u881
  2188   001A22  EF15  F00D         	goto	u880
  2189   001A26                     u881:
  2190   001A26  EF1D  F00D         	goto	l1748
  2191   001A2A                     u880:
  2192   001A2A  5005               	movf	___llmod@divisor^0,w,c
  2193   001A2C  5E01               	subwf	___llmod@dividend^0,f,c
  2194   001A2E  5006               	movf	(___llmod@divisor+1)^0,w,c
  2195   001A30  5A02               	subwfb	(___llmod@dividend+1)^0,f,c
  2196   001A32  5007               	movf	(___llmod@divisor+2)^0,w,c
  2197   001A34  5A03               	subwfb	(___llmod@dividend+2)^0,f,c
  2198   001A36  5008               	movf	(___llmod@divisor+3)^0,w,c
  2199   001A38  5A04               	subwfb	(___llmod@dividend+3)^0,f,c
  2200   001A3A                     l1748:
  2201   001A3A  90D8               	bcf	status,0,c
  2202   001A3C  3208               	rrcf	(___llmod@divisor+3)^0,f,c
  2203   001A3E  3207               	rrcf	(___llmod@divisor+2)^0,f,c
  2204   001A40  3206               	rrcf	(___llmod@divisor+1)^0,f,c
  2205   001A42  3205               	rrcf	___llmod@divisor^0,f,c
  2206   001A44  2E09               	decfsz	___llmod@counter^0,f,c
  2207   001A46  EF06  F00D         	goto	l1744
  2208   001A4A                     l662:
  2209   001A4A  C001  F001         	movff	___llmod@dividend,?___llmod
  2210   001A4E  C002  F002         	movff	___llmod@dividend+1,?___llmod+1
  2211   001A52  C003  F003         	movff	___llmod@dividend+2,?___llmod+2
  2212   001A56  C004  F004         	movff	___llmod@dividend+3,?___llmod+3
  2213   001A5A  0012               	return		;funcret
  2214   001A5C                     __end_of___llmod:
  2215                           	callstack 0
  2216                           
  2217 ;; *************** function ___almod *****************
  2218 ;; Defined at:
  2219 ;;		line 7 in file "C:\Program Files\Microchip\xc8\v3.10\pic\sources\c99\common\almod.c"
  2220 ;; Parameters:    Size  Location     Type
  2221 ;;  dividend        4    0[COMRAM] long 
  2222 ;;  divisor         4    4[COMRAM] long 
  2223 ;; Auto vars:     Size  Location     Type
  2224 ;;  sign            1    9[COMRAM] unsigned char 
  2225 ;;  counter         1    8[COMRAM] unsigned char 
  2226 ;; Return value:  Size  Location     Type
  2227 ;;                  4    0[COMRAM] long 
  2228 ;; Registers used:
  2229 ;;		wreg, status,2, status,0
  2230 ;; Tracked objects:
  2231 ;;		On entry : 0/0
  2232 ;;		On exit  : 0/0
  2233 ;;		Unchanged: 0/0
  2234 ;; Data sizes:     COMRAM   BANK0   BANK1   BANK2   BANK3   BANK4   BANK5
  2235 ;;      Params:         8       0       0       0       0       0       0
  2236 ;;      Locals:         2       0       0       0       0       0       0
  2237 ;;      Temps:          0       0       0       0       0       0       0
  2238 ;;      Totals:        10       0       0       0       0       0       0
  2239 ;;Total ram usage:       10 bytes
  2240 ;; Hardware stack levels used: 1
  2241 ;; This function calls:
  2242 ;;		Nothing
  2243 ;; This function is called by:
  2244 ;;		_main
  2245 ;;		_vfpfcnvrt
  2246 ;; This function uses a non-reentrant model
  2247 ;;
  2248                           
  2249                           	psect	text8
  2250   0016C4                     __ptext8:
  2251                           	callstack 0
  2252   0016C4                     ___almod:
  2253                           	callstack 27
  2254   0016C4  6A0A               	clrf	___almod@sign^0,c
  2255   0016C6  BE04               	btfsc	(___almod@dividend+3)^0,7,c
  2256   0016C8  EF6A  F00B         	goto	u800
  2257   0016CC  EF68  F00B         	goto	u801
  2258   0016D0                     u801:
  2259   0016D0  EF74  F00B         	goto	l1708
  2260   0016D4                     u800:
  2261   0016D4  1E04               	comf	(___almod@dividend+3)^0,f,c
  2262   0016D6  1E03               	comf	(___almod@dividend+2)^0,f,c
  2263   0016D8  1E02               	comf	(___almod@dividend+1)^0,f,c
  2264   0016DA  6C01               	negf	___almod@dividend^0,c
  2265   0016DC  0E00               	movlw	0
  2266   0016DE  2202               	addwfc	(___almod@dividend+1)^0,f,c
  2267   0016E0  2203               	addwfc	(___almod@dividend+2)^0,f,c
  2268   0016E2  2204               	addwfc	(___almod@dividend+3)^0,f,c
  2269   0016E4  0E01               	movlw	1
  2270   0016E6  6E0A               	movwf	___almod@sign^0,c
  2271   0016E8                     l1708:
  2272   0016E8  BE08               	btfsc	(___almod@divisor+3)^0,7,c
  2273   0016EA  EF7B  F00B         	goto	u810
  2274   0016EE  EF79  F00B         	goto	u811
  2275   0016F2                     u811:
  2276   0016F2  EF83  F00B         	goto	l1712
  2277   0016F6                     u810:
  2278   0016F6  1E08               	comf	(___almod@divisor+3)^0,f,c
  2279   0016F8  1E07               	comf	(___almod@divisor+2)^0,f,c
  2280   0016FA  1E06               	comf	(___almod@divisor+1)^0,f,c
  2281   0016FC  6C05               	negf	___almod@divisor^0,c
  2282   0016FE  0E00               	movlw	0
  2283   001700  2206               	addwfc	(___almod@divisor+1)^0,f,c
  2284   001702  2207               	addwfc	(___almod@divisor+2)^0,f,c
  2285   001704  2208               	addwfc	(___almod@divisor+3)^0,f,c
  2286   001706                     l1712:
  2287   001706  5005               	movf	___almod@divisor^0,w,c
  2288   001708  1006               	iorwf	(___almod@divisor+1)^0,w,c
  2289   00170A  1007               	iorwf	(___almod@divisor+2)^0,w,c
  2290   00170C  1008               	iorwf	(___almod@divisor+3)^0,w,c
  2291   00170E  B4D8               	btfsc	status,2,c
  2292   001710  EF8C  F00B         	goto	u821
  2293   001714  EF8E  F00B         	goto	u820
  2294   001718                     u821:
  2295   001718  EFBE  F00B         	goto	l1728
  2296   00171C                     u820:
  2297   00171C  0E01               	movlw	1
  2298   00171E  6E09               	movwf	___almod@counter^0,c
  2299   001720  EF98  F00B         	goto	l1718
  2300   001724                     l1716:
  2301   001724  90D8               	bcf	status,0,c
  2302   001726  3605               	rlcf	___almod@divisor^0,f,c
  2303   001728  3606               	rlcf	(___almod@divisor+1)^0,f,c
  2304   00172A  3607               	rlcf	(___almod@divisor+2)^0,f,c
  2305   00172C  3608               	rlcf	(___almod@divisor+3)^0,f,c
  2306   00172E  2A09               	incf	___almod@counter^0,f,c
  2307   001730                     l1718:
  2308   001730  AE08               	btfss	(___almod@divisor+3)^0,7,c
  2309   001732  EF9D  F00B         	goto	u831
  2310   001736  EF9F  F00B         	goto	u830
  2311   00173A                     u831:
  2312   00173A  EF92  F00B         	goto	l1716
  2313   00173E                     u830:
  2314   00173E                     l1720:
  2315   00173E  5005               	movf	___almod@divisor^0,w,c
  2316   001740  5C01               	subwf	___almod@dividend^0,w,c
  2317   001742  5006               	movf	(___almod@divisor+1)^0,w,c
  2318   001744  5802               	subwfb	(___almod@dividend+1)^0,w,c
  2319   001746  5007               	movf	(___almod@divisor+2)^0,w,c
  2320   001748  5803               	subwfb	(___almod@dividend+2)^0,w,c
  2321   00174A  5008               	movf	(___almod@divisor+3)^0,w,c
  2322   00174C  5804               	subwfb	(___almod@dividend+3)^0,w,c
  2323   00174E  A0D8               	btfss	status,0,c
  2324   001750  EFAC  F00B         	goto	u841
  2325   001754  EFAE  F00B         	goto	u840
  2326   001758                     u841:
  2327   001758  EFB6  F00B         	goto	l1724
  2328   00175C                     u840:
  2329   00175C  5005               	movf	___almod@divisor^0,w,c
  2330   00175E  5E01               	subwf	___almod@dividend^0,f,c
  2331   001760  5006               	movf	(___almod@divisor+1)^0,w,c
  2332   001762  5A02               	subwfb	(___almod@dividend+1)^0,f,c
  2333   001764  5007               	movf	(___almod@divisor+2)^0,w,c
  2334   001766  5A03               	subwfb	(___almod@dividend+2)^0,f,c
  2335   001768  5008               	movf	(___almod@divisor+3)^0,w,c
  2336   00176A  5A04               	subwfb	(___almod@dividend+3)^0,f,c
  2337   00176C                     l1724:
  2338   00176C  90D8               	bcf	status,0,c
  2339   00176E  3208               	rrcf	(___almod@divisor+3)^0,f,c
  2340   001770  3207               	rrcf	(___almod@divisor+2)^0,f,c
  2341   001772  3206               	rrcf	(___almod@divisor+1)^0,f,c
  2342   001774  3205               	rrcf	___almod@divisor^0,f,c
  2343   001776  2E09               	decfsz	___almod@counter^0,f,c
  2344   001778  EF9F  F00B         	goto	l1720
  2345   00177C                     l1728:
  2346   00177C  500A               	movf	___almod@sign^0,w,c
  2347   00177E  B4D8               	btfsc	status,2,c
  2348   001780  EFC4  F00B         	goto	u851
  2349   001784  EFC6  F00B         	goto	u850
  2350   001788                     u851:
  2351   001788  EFCE  F00B         	goto	l1732
  2352   00178C                     u850:
  2353   00178C  1E04               	comf	(___almod@dividend+3)^0,f,c
  2354   00178E  1E03               	comf	(___almod@dividend+2)^0,f,c
  2355   001790  1E02               	comf	(___almod@dividend+1)^0,f,c
  2356   001792  6C01               	negf	___almod@dividend^0,c
  2357   001794  0E00               	movlw	0
  2358   001796  2202               	addwfc	(___almod@dividend+1)^0,f,c
  2359   001798  2203               	addwfc	(___almod@dividend+2)^0,f,c
  2360   00179A  2204               	addwfc	(___almod@dividend+3)^0,f,c
  2361   00179C                     l1732:
  2362   00179C  C001  F001         	movff	___almod@dividend,?___almod
  2363   0017A0  C002  F002         	movff	___almod@dividend+1,?___almod+1
  2364   0017A4  C003  F003         	movff	___almod@dividend+2,?___almod+2
  2365   0017A8  C004  F004         	movff	___almod@dividend+3,?___almod+3
  2366   0017AC  0012               	return		;funcret
  2367   0017AE                     __end_of___almod:
  2368                           	callstack 0
  2369                           
  2370 ;; *************** function _UART_SendString *****************
  2371 ;; Defined at:
  2372 ;;		line 117 in file "kurssss.c"
  2373 ;; Parameters:    Size  Location     Type
  2374 ;;  text            2    0[COMRAM] PTR unsigned char 
  2375 ;;		 -> buffer(50), STR_4(29), STR_3(38), STR_2(30), 
  2376 ;;		 -> STR_1(41), 
  2377 ;; Auto vars:     Size  Location     Type
  2378 ;;		None
  2379 ;; Return value:  Size  Location     Type
  2380 ;;                  1    wreg      void 
  2381 ;; Registers used:
  2382 ;;		wreg, fsr1l, fsr1h, status,2, status,0, tblptrl, tblptrh, tblptru
  2383 ;; Tracked objects:
  2384 ;;		On entry : 0/0
  2385 ;;		On exit  : 0/0
  2386 ;;		Unchanged: 0/0
  2387 ;; Data sizes:     COMRAM   BANK0   BANK1   BANK2   BANK3   BANK4   BANK5
  2388 ;;      Params:         2       0       0       0       0       0       0
  2389 ;;      Locals:         0       0       0       0       0       0       0
  2390 ;;      Temps:          0       0       0       0       0       0       0
  2391 ;;      Totals:         2       0       0       0       0       0       0
  2392 ;;Total ram usage:        2 bytes
  2393 ;; Hardware stack levels used: 1
  2394 ;; This function calls:
  2395 ;;		Nothing
  2396 ;; This function is called by:
  2397 ;;		_main
  2398 ;; This function uses a non-reentrant model
  2399 ;;
  2400                           
  2401                           	psect	text9
  2402   001A5C                     __ptext9:
  2403                           	callstack 0
  2404   001A5C                     _UART_SendString:
  2405                           	callstack 30
  2406   001A5C                     
  2407                           ;kurssss.c: 118:     while(*text) {
  2408   001A5C  EF4A  F00D         	goto	l1992
  2409   001A60                     l103:
  2410   001A60  A2AC               	btfss	172,1,c	;volatile
  2411   001A62  EF35  F00D         	goto	u1201
  2412   001A66  EF37  F00D         	goto	u1200
  2413   001A6A                     u1201:
  2414   001A6A  EF30  F00D         	goto	l103
  2415   001A6E                     u1200:
  2416   001A6E                     
  2417                           ;kurssss.c: 120:         TXREG = *text++;
  2418   001A6E  C001  FFF6         	movff	UART_SendString@text,tblptrl
  2419   001A72  C002  FFF7         	movff	UART_SendString@text+1,tblptrh
  2420   001A76  6AF8               	clrf	tblptru,c
  2421   001A78  0E05               	movlw	(high __ramtop+-1)
  2422   001A7A  64F7               	cpfsgt	tblptrh,c
  2423   001A7C  D003               	bra	u1217
  2424   001A7E  0008               	tblrd		*
  2425   001A80  50F5               	movf	tablat,w,c
  2426   001A82  D005               	bra	u1210
  2427   001A84                     u1217:
  2428   001A84  CFF6 FFE1          	movff	tblptrl,fsr1l
  2429   001A88  CFF7 FFE2          	movff	tblptrh,fsr1h
  2430   001A8C  50E7               	movf	indf1,w,c
  2431   001A8E                     u1210:
  2432   001A8E  6EAD               	movwf	173,c	;volatile
  2433   001A90  4A01               	infsnz	UART_SendString@text^0,f,c
  2434   001A92  2A02               	incf	(UART_SendString@text+1)^0,f,c
  2435   001A94                     l1992:
  2436                           
  2437                           ;kurssss.c: 118:     while(*text) {
  2438   001A94  C001  FFF6         	movff	UART_SendString@text,tblptrl
  2439   001A98  C002  FFF7         	movff	UART_SendString@text+1,tblptrh
  2440   001A9C  6AF8               	clrf	tblptru,c
  2441   001A9E  0E05               	movlw	(high __ramtop+-1)
  2442   001AA0  64F7               	cpfsgt	tblptrh,c
  2443   001AA2  D003               	bra	u1227
  2444   001AA4  0008               	tblrd		*
  2445   001AA6  50F5               	movf	tablat,w,c
  2446   001AA8  D005               	bra	u1220
  2447   001AAA                     u1227:
  2448   001AAA  CFF6 FFE1          	movff	tblptrl,fsr1l
  2449   001AAE  CFF7 FFE2          	movff	tblptrh,fsr1h
  2450   001AB2  50E7               	movf	indf1,w,c
  2451   001AB4                     u1220:
  2452   001AB4  0900               	iorlw	0
  2453   001AB6  A4D8               	btfss	status,2,c
  2454   001AB8  EF60  F00D         	goto	u1231
  2455   001ABC  EF62  F00D         	goto	u1230
  2456   001AC0                     u1231:
  2457   001AC0  EF30  F00D         	goto	l103
  2458   001AC4                     u1230:
  2459   001AC4  0012               	return		;funcret
  2460   001AC6                     __end_of_UART_SendString:
  2461                           	callstack 0
  2462                           
  2463 ;; *************** function _Init *****************
  2464 ;; Defined at:
  2465 ;;		line 59 in file "kurssss.c"
  2466 ;; Parameters:    Size  Location     Type
  2467 ;;		None
  2468 ;; Auto vars:     Size  Location     Type
  2469 ;;		None
  2470 ;; Return value:  Size  Location     Type
  2471 ;;                  1    wreg      void 
  2472 ;; Registers used:
  2473 ;;		wreg, status,2, cstack
  2474 ;; Tracked objects:
  2475 ;;		On entry : 0/0
  2476 ;;		On exit  : 0/0
  2477 ;;		Unchanged: 0/0
  2478 ;; Data sizes:     COMRAM   BANK0   BANK1   BANK2   BANK3   BANK4   BANK5
  2479 ;;      Params:         0       0       0       0       0       0       0
  2480 ;;      Locals:         0       0       0       0       0       0       0
  2481 ;;      Temps:          1       0       0       0       0       0       0
  2482 ;;      Totals:         1       0       0       0       0       0       0
  2483 ;;Total ram usage:        1 bytes
  2484 ;; Hardware stack levels used: 1
  2485 ;; Hardware stack levels required when called: 1
  2486 ;; This function calls:
  2487 ;;		_I2C_Init
  2488 ;; This function is called by:
  2489 ;;		_main
  2490 ;; This function uses a non-reentrant model
  2491 ;;
  2492                           
  2493                           	psect	text10
  2494   001C68                     __ptext10:
  2495                           	callstack 0
  2496   001C68                     _Init:
  2497                           	callstack 29
  2498   001C68                     
  2499                           ;kurssss.c: 61:     TRISCbits.TRISC3 = 1;
  2500   001C68  8694               	bsf	148,3,c	;volatile
  2501                           
  2502                           ;kurssss.c: 62:     TRISCbits.TRISC4 = 1;
  2503   001C6A  8894               	bsf	148,4,c	;volatile
  2504                           
  2505                           ;kurssss.c: 63:     TRISCbits.TRISC6 = 0;
  2506   001C6C  9C94               	bcf	148,6,c	;volatile
  2507                           
  2508                           ;kurssss.c: 64:     TRISCbits.TRISC7 = 1;
  2509   001C6E  8E94               	bsf	148,7,c	;volatile
  2510   001C70                     
  2511                           ;kurssss.c: 67:     SPBRG = 25;
  2512   001C70  0E19               	movlw	25
  2513   001C72  6EAF               	movwf	175,c	;volatile
  2514   001C74                     
  2515                           ;kurssss.c: 68:     TXSTAbits.SYNC = 0;
  2516   001C74  98AC               	bcf	172,4,c	;volatile
  2517   001C76                     
  2518                           ;kurssss.c: 69:     TXSTAbits.BRGH = 1;
  2519   001C76  84AC               	bsf	172,2,c	;volatile
  2520   001C78                     
  2521                           ;kurssss.c: 70:     RCSTAbits.SPEN = 1;
  2522   001C78  8EAB               	bsf	171,7,c	;volatile
  2523   001C7A                     
  2524                           ;kurssss.c: 71:     TXSTAbits.TXEN = 1;
  2525   001C7A  8AAC               	bsf	172,5,c	;volatile
  2526   001C7C                     
  2527                           ;kurssss.c: 74:     I2C_Init();
  2528   001C7C  EC86  F00E         	call	_I2C_Init	;wreg free
  2529   001C80                     
  2530                           ;kurssss.c: 76:     _delay((unsigned long)((100)*(4000000/4000.0)));
  2531   001C80  0E82               	movlw	130
  2532   001C82  6E01               	movwf	??_Init^0,c
  2533   001C84  0EDE               	movlw	222
  2534   001C86                     u1427:
  2535   001C86  2EE8               	decfsz	wreg,f,c
  2536   001C88  D7FE               	bra	u1427
  2537   001C8A  2E01               	decfsz	??_Init^0,f,c
  2538   001C8C  D7FC               	bra	u1427
  2539   001C8E  0012               	return		;funcret
  2540   001C90                     __end_of_Init:
  2541                           	callstack 0
  2542                           
  2543 ;; *************** function _I2C_Init *****************
  2544 ;; Defined at:
  2545 ;;		line 79 in file "kurssss.c"
  2546 ;; Parameters:    Size  Location     Type
  2547 ;;		None
  2548 ;; Auto vars:     Size  Location     Type
  2549 ;;		None
  2550 ;; Return value:  Size  Location     Type
  2551 ;;                  1    wreg      void 
  2552 ;; Registers used:
  2553 ;;		wreg, status,2
  2554 ;; Tracked objects:
  2555 ;;		On entry : 0/0
  2556 ;;		On exit  : 0/0
  2557 ;;		Unchanged: 0/0
  2558 ;; Data sizes:     COMRAM   BANK0   BANK1   BANK2   BANK3   BANK4   BANK5
  2559 ;;      Params:         0       0       0       0       0       0       0
  2560 ;;      Locals:         0       0       0       0       0       0       0
  2561 ;;      Temps:          0       0       0       0       0       0       0
  2562 ;;      Totals:         0       0       0       0       0       0       0
  2563 ;;Total ram usage:        0 bytes
  2564 ;; Hardware stack levels used: 1
  2565 ;; This function calls:
  2566 ;;		Nothing
  2567 ;; This function is called by:
  2568 ;;		_Init
  2569 ;; This function uses a non-reentrant model
  2570 ;;
  2571                           
  2572                           	psect	text11
  2573   001D0C                     __ptext11:
  2574                           	callstack 0
  2575   001D0C                     _I2C_Init:
  2576                           	callstack 29
  2577   001D0C                     
  2578                           ;kurssss.c: 80:     SSPCON1 = 0x28;
  2579   001D0C  0E28               	movlw	40
  2580   001D0E  6EC6               	movwf	198,c	;volatile
  2581   001D10                     
  2582                           ;kurssss.c: 81:     SSPCON2 = 0x00;
  2583   001D10  6AC5               	clrf	197,c	;volatile
  2584   001D12                     
  2585                           ;kurssss.c: 82:     SSPSTAT = 0x00;
  2586   001D12  6AC7               	clrf	199,c	;volatile
  2587                           
  2588                           ;kurssss.c: 83:     SSPADD = 9;
  2589   001D14  0E09               	movlw	9
  2590   001D16  6EC8               	movwf	200,c	;volatile
  2591   001D18  0012               	return		;funcret
  2592   001D1A                     __end_of_I2C_Init:
  2593                           	callstack 0
  2594                           
  2595 ;; *************** function _BMP180_ReadCalibration *****************
  2596 ;; Defined at:
  2597 ;;		line 125 in file "kurssss.c"
  2598 ;; Parameters:    Size  Location     Type
  2599 ;;		None
  2600 ;; Auto vars:     Size  Location     Type
  2601 ;;		None
  2602 ;; Return value:  Size  Location     Type
  2603 ;;                  1    wreg      void 
  2604 ;; Registers used:
  2605 ;;		wreg, status,2, status,0, cstack
  2606 ;; Tracked objects:
  2607 ;;		On entry : 0/0
  2608 ;;		On exit  : 0/0
  2609 ;;		Unchanged: 0/0
  2610 ;; Data sizes:     COMRAM   BANK0   BANK1   BANK2   BANK3   BANK4   BANK5
  2611 ;;      Params:         0       0       0       0       0       0       0
  2612 ;;      Locals:         0       0       0       0       0       0       0
  2613 ;;      Temps:          1       0       0       0       0       0       0
  2614 ;;      Totals:         1       0       0       0       0       0       0
  2615 ;;Total ram usage:        1 bytes
  2616 ;; Hardware stack levels used: 1
  2617 ;; Hardware stack levels required when called: 1
  2618 ;; This function calls:
  2619 ;;		_I2C_Read
  2620 ;;		_I2C_Restart
  2621 ;;		_I2C_Start
  2622 ;;		_I2C_Stop
  2623 ;;		_I2C_Write
  2624 ;; This function is called by:
  2625 ;;		_main
  2626 ;; This function uses a non-reentrant model
  2627 ;;
  2628                           
  2629                           	psect	text12
  2630   0011C4                     __ptext12:
  2631                           	callstack 0
  2632   0011C4                     _BMP180_ReadCalibration:
  2633                           	callstack 29
  2634   0011C4                     
  2635                           ;kurssss.c: 127:     I2C_Start();
  2636   0011C4  EC74  F00E         	call	_I2C_Start	;wreg free
  2637   0011C8                     
  2638                           ;kurssss.c: 128:     I2C_Write(0x77 << 1);
  2639   0011C8  0EEE               	movlw	238
  2640   0011CA  EC48  F00E         	call	_I2C_Write
  2641   0011CE                     
  2642                           ;kurssss.c: 129:     I2C_Write(0xAA);
  2643   0011CE  0EAA               	movlw	170
  2644   0011D0  EC48  F00E         	call	_I2C_Write
  2645                           
  2646                           ;kurssss.c: 130:     I2C_Restart();
  2647   0011D4  EC7D  F00E         	call	_I2C_Restart	;wreg free
  2648   0011D8                     
  2649                           ;kurssss.c: 131:     I2C_Write((0x77 << 1) | 1);
  2650   0011D8  0EEF               	movlw	239
  2651   0011DA  EC48  F00E         	call	_I2C_Write
  2652   0011DE                     
  2653                           ;kurssss.c: 132:     ac1 = (short)(I2C_Read(0) << 8);
  2654   0011DE  0E00               	movlw	0
  2655   0011E0  EC1C  F00E         	call	_I2C_Read
  2656   0011E4  6E7D               	movwf	(_ac1+1)^0,c
  2657   0011E6  6A7C               	clrf	_ac1^0,c
  2658   0011E8                     
  2659                           ;kurssss.c: 133:     ac1 |= I2C_Read(1);
  2660   0011E8  0E01               	movlw	1
  2661   0011EA  EC1C  F00E         	call	_I2C_Read
  2662   0011EE  6E02               	movwf	??_BMP180_ReadCalibration^0,c
  2663   0011F0  5002               	movf	??_BMP180_ReadCalibration^0,w,c
  2664   0011F2  127C               	iorwf	_ac1^0,f,c
  2665   0011F4                     
  2666                           ;kurssss.c: 134:     I2C_Stop();
  2667   0011F4  EC6B  F00E         	call	_I2C_Stop	;wreg free
  2668   0011F8                     
  2669                           ;kurssss.c: 137:     I2C_Start();
  2670   0011F8  EC74  F00E         	call	_I2C_Start	;wreg free
  2671   0011FC                     
  2672                           ;kurssss.c: 138:     I2C_Write(0x77 << 1);
  2673   0011FC  0EEE               	movlw	238
  2674   0011FE  EC48  F00E         	call	_I2C_Write
  2675   001202                     
  2676                           ;kurssss.c: 139:     I2C_Write(0xAC);
  2677   001202  0EAC               	movlw	172
  2678   001204  EC48  F00E         	call	_I2C_Write
  2679   001208                     
  2680                           ;kurssss.c: 140:     I2C_Restart();
  2681   001208  EC7D  F00E         	call	_I2C_Restart	;wreg free
  2682   00120C                     
  2683                           ;kurssss.c: 141:     I2C_Write((0x77 << 1) | 1);
  2684   00120C  0EEF               	movlw	239
  2685   00120E  EC48  F00E         	call	_I2C_Write
  2686   001212                     
  2687                           ;kurssss.c: 142:     ac2 = (short)(I2C_Read(0) << 8);
  2688   001212  0E00               	movlw	0
  2689   001214  EC1C  F00E         	call	_I2C_Read
  2690   001218  6E7B               	movwf	(_ac2+1)^0,c
  2691   00121A  6A7A               	clrf	_ac2^0,c
  2692                           
  2693                           ;kurssss.c: 143:     ac2 |= I2C_Read(1);
  2694   00121C  0E01               	movlw	1
  2695   00121E  EC1C  F00E         	call	_I2C_Read
  2696   001222  6E02               	movwf	??_BMP180_ReadCalibration^0,c
  2697   001224  5002               	movf	??_BMP180_ReadCalibration^0,w,c
  2698   001226  127A               	iorwf	_ac2^0,f,c
  2699   001228                     
  2700                           ;kurssss.c: 144:     I2C_Stop();
  2701   001228  EC6B  F00E         	call	_I2C_Stop	;wreg free
  2702   00122C                     
  2703                           ;kurssss.c: 147:     I2C_Start();
  2704   00122C  EC74  F00E         	call	_I2C_Start	;wreg free
  2705   001230                     
  2706                           ;kurssss.c: 148:     I2C_Write(0x77 << 1);
  2707   001230  0EEE               	movlw	238
  2708   001232  EC48  F00E         	call	_I2C_Write
  2709   001236                     
  2710                           ;kurssss.c: 149:     I2C_Write(0xAE);
  2711   001236  0EAE               	movlw	174
  2712   001238  EC48  F00E         	call	_I2C_Write
  2713   00123C                     
  2714                           ;kurssss.c: 150:     I2C_Restart();
  2715   00123C  EC7D  F00E         	call	_I2C_Restart	;wreg free
  2716   001240                     
  2717                           ;kurssss.c: 151:     I2C_Write((0x77 << 1) | 1);
  2718   001240  0EEF               	movlw	239
  2719   001242  EC48  F00E         	call	_I2C_Write
  2720   001246                     
  2721                           ;kurssss.c: 152:     ac3 = (short)(I2C_Read(0) << 8);
  2722   001246  0E00               	movlw	0
  2723   001248  EC1C  F00E         	call	_I2C_Read
  2724   00124C  6E79               	movwf	(_ac3+1)^0,c
  2725   00124E  6A78               	clrf	_ac3^0,c
  2726   001250                     
  2727                           ;kurssss.c: 153:     ac3 |= I2C_Read(1);
  2728   001250  0E01               	movlw	1
  2729   001252  EC1C  F00E         	call	_I2C_Read
  2730   001256  6E02               	movwf	??_BMP180_ReadCalibration^0,c
  2731   001258  5002               	movf	??_BMP180_ReadCalibration^0,w,c
  2732   00125A  1278               	iorwf	_ac3^0,f,c
  2733   00125C                     
  2734                           ;kurssss.c: 154:     I2C_Stop();
  2735   00125C  EC6B  F00E         	call	_I2C_Stop	;wreg free
  2736   001260                     
  2737                           ;kurssss.c: 157:     I2C_Start();
  2738   001260  EC74  F00E         	call	_I2C_Start	;wreg free
  2739   001264                     
  2740                           ;kurssss.c: 158:     I2C_Write(0x77 << 1);
  2741   001264  0EEE               	movlw	238
  2742   001266  EC48  F00E         	call	_I2C_Write
  2743   00126A                     
  2744                           ;kurssss.c: 159:     I2C_Write(0xB0);
  2745   00126A  0EB0               	movlw	176
  2746   00126C  EC48  F00E         	call	_I2C_Write
  2747   001270                     
  2748                           ;kurssss.c: 160:     I2C_Restart();
  2749   001270  EC7D  F00E         	call	_I2C_Restart	;wreg free
  2750   001274                     
  2751                           ;kurssss.c: 161:     I2C_Write((0x77 << 1) | 1);
  2752   001274  0EEF               	movlw	239
  2753   001276  EC48  F00E         	call	_I2C_Write
  2754                           
  2755                           ;kurssss.c: 162:     ac4 = (I2C_Read(0) << 8);
  2756   00127A  0E00               	movlw	0
  2757   00127C  EC1C  F00E         	call	_I2C_Read
  2758   001280  6E77               	movwf	(_ac4+1)^0,c
  2759   001282  6A76               	clrf	_ac4^0,c
  2760   001284                     
  2761                           ;kurssss.c: 163:     ac4 |= I2C_Read(1);
  2762   001284  0E01               	movlw	1
  2763   001286  EC1C  F00E         	call	_I2C_Read
  2764   00128A  6E02               	movwf	??_BMP180_ReadCalibration^0,c
  2765   00128C  5002               	movf	??_BMP180_ReadCalibration^0,w,c
  2766   00128E  1276               	iorwf	_ac4^0,f,c
  2767   001290                     
  2768                           ;kurssss.c: 164:     I2C_Stop();
  2769   001290  EC6B  F00E         	call	_I2C_Stop	;wreg free
  2770   001294                     
  2771                           ;kurssss.c: 167:     I2C_Start();
  2772   001294  EC74  F00E         	call	_I2C_Start	;wreg free
  2773   001298                     
  2774                           ;kurssss.c: 168:     I2C_Write(0x77 << 1);
  2775   001298  0EEE               	movlw	238
  2776   00129A  EC48  F00E         	call	_I2C_Write
  2777   00129E                     
  2778                           ;kurssss.c: 169:     I2C_Write(0xB2);
  2779   00129E  0EB2               	movlw	178
  2780   0012A0  EC48  F00E         	call	_I2C_Write
  2781   0012A4                     
  2782                           ;kurssss.c: 170:     I2C_Restart();
  2783   0012A4  EC7D  F00E         	call	_I2C_Restart	;wreg free
  2784   0012A8                     
  2785                           ;kurssss.c: 171:     I2C_Write((0x77 << 1) | 1);
  2786   0012A8  0EEF               	movlw	239
  2787   0012AA  EC48  F00E         	call	_I2C_Write
  2788   0012AE                     
  2789                           ;kurssss.c: 172:     ac5 = (I2C_Read(0) << 8);
  2790   0012AE  0E00               	movlw	0
  2791   0012B0  EC1C  F00E         	call	_I2C_Read
  2792   0012B4  6E75               	movwf	(_ac5+1)^0,c
  2793   0012B6  6A74               	clrf	_ac5^0,c
  2794   0012B8                     
  2795                           ;kurssss.c: 173:     ac5 |= I2C_Read(1);
  2796   0012B8  0E01               	movlw	1
  2797   0012BA  EC1C  F00E         	call	_I2C_Read
  2798   0012BE  6E02               	movwf	??_BMP180_ReadCalibration^0,c
  2799   0012C0  5002               	movf	??_BMP180_ReadCalibration^0,w,c
  2800   0012C2  1274               	iorwf	_ac5^0,f,c
  2801   0012C4                     
  2802                           ;kurssss.c: 174:     I2C_Stop();
  2803   0012C4  EC6B  F00E         	call	_I2C_Stop	;wreg free
  2804   0012C8                     
  2805                           ;kurssss.c: 177:     I2C_Start();
  2806   0012C8  EC74  F00E         	call	_I2C_Start	;wreg free
  2807   0012CC                     
  2808                           ;kurssss.c: 178:     I2C_Write(0x77 << 1);
  2809   0012CC  0EEE               	movlw	238
  2810   0012CE  EC48  F00E         	call	_I2C_Write
  2811   0012D2                     
  2812                           ;kurssss.c: 179:     I2C_Write(0xB4);
  2813   0012D2  0EB4               	movlw	180
  2814   0012D4  EC48  F00E         	call	_I2C_Write
  2815   0012D8                     
  2816                           ;kurssss.c: 180:     I2C_Restart();
  2817   0012D8  EC7D  F00E         	call	_I2C_Restart	;wreg free
  2818                           
  2819                           ;kurssss.c: 181:     I2C_Write((0x77 << 1) | 1);
  2820   0012DC  0EEF               	movlw	239
  2821   0012DE  EC48  F00E         	call	_I2C_Write
  2822   0012E2                     
  2823                           ;kurssss.c: 182:     ac6 = (I2C_Read(0) << 8);
  2824   0012E2  0E00               	movlw	0
  2825   0012E4  EC1C  F00E         	call	_I2C_Read
  2826   0012E8  6E73               	movwf	(_ac6+1)^0,c
  2827   0012EA  6A72               	clrf	_ac6^0,c
  2828   0012EC                     
  2829                           ;kurssss.c: 183:     ac6 |= I2C_Read(1);
  2830   0012EC  0E01               	movlw	1
  2831   0012EE  EC1C  F00E         	call	_I2C_Read
  2832   0012F2  6E02               	movwf	??_BMP180_ReadCalibration^0,c
  2833   0012F4  5002               	movf	??_BMP180_ReadCalibration^0,w,c
  2834   0012F6  1272               	iorwf	_ac6^0,f,c
  2835   0012F8                     
  2836                           ;kurssss.c: 184:     I2C_Stop();
  2837   0012F8  EC6B  F00E         	call	_I2C_Stop	;wreg free
  2838   0012FC                     
  2839                           ;kurssss.c: 187:     I2C_Start();
  2840   0012FC  EC74  F00E         	call	_I2C_Start	;wreg free
  2841   001300                     
  2842                           ;kurssss.c: 188:     I2C_Write(0x77 << 1);
  2843   001300  0EEE               	movlw	238
  2844   001302  EC48  F00E         	call	_I2C_Write
  2845   001306                     
  2846                           ;kurssss.c: 189:     I2C_Write(0xB6);
  2847   001306  0EB6               	movlw	182
  2848   001308  EC48  F00E         	call	_I2C_Write
  2849   00130C                     
  2850                           ;kurssss.c: 190:     I2C_Restart();
  2851   00130C  EC7D  F00E         	call	_I2C_Restart	;wreg free
  2852   001310                     
  2853                           ;kurssss.c: 191:     I2C_Write((0x77 << 1) | 1);
  2854   001310  0EEF               	movlw	239
  2855   001312  EC48  F00E         	call	_I2C_Write
  2856   001316                     
  2857                           ;kurssss.c: 192:     b1 = (short)(I2C_Read(0) << 8);
  2858   001316  0E00               	movlw	0
  2859   001318  EC1C  F00E         	call	_I2C_Read
  2860   00131C  6E71               	movwf	(_b1+1)^0,c
  2861   00131E  6A70               	clrf	_b1^0,c
  2862   001320                     
  2863                           ;kurssss.c: 193:     b1 |= I2C_Read(1);
  2864   001320  0E01               	movlw	1
  2865   001322  EC1C  F00E         	call	_I2C_Read
  2866   001326  6E02               	movwf	??_BMP180_ReadCalibration^0,c
  2867   001328  5002               	movf	??_BMP180_ReadCalibration^0,w,c
  2868   00132A  1270               	iorwf	_b1^0,f,c
  2869                           
  2870                           ;kurssss.c: 194:     I2C_Stop();
  2871   00132C  EC6B  F00E         	call	_I2C_Stop	;wreg free
  2872                           
  2873                           ;kurssss.c: 197:     I2C_Start();
  2874   001330  EC74  F00E         	call	_I2C_Start	;wreg free
  2875   001334                     
  2876                           ;kurssss.c: 198:     I2C_Write(0x77 << 1);
  2877   001334  0EEE               	movlw	238
  2878   001336  EC48  F00E         	call	_I2C_Write
  2879   00133A                     
  2880                           ;kurssss.c: 199:     I2C_Write(0xB8);
  2881   00133A  0EB8               	movlw	184
  2882   00133C  EC48  F00E         	call	_I2C_Write
  2883                           
  2884                           ;kurssss.c: 200:     I2C_Restart();
  2885   001340  EC7D  F00E         	call	_I2C_Restart	;wreg free
  2886   001344                     
  2887                           ;kurssss.c: 201:     I2C_Write((0x77 << 1) | 1);
  2888   001344  0EEF               	movlw	239
  2889   001346  EC48  F00E         	call	_I2C_Write
  2890   00134A                     
  2891                           ;kurssss.c: 202:     b2 = (short)(I2C_Read(0) << 8);
  2892   00134A  0E00               	movlw	0
  2893   00134C  EC1C  F00E         	call	_I2C_Read
  2894   001350  6E6F               	movwf	(_b2+1)^0,c
  2895   001352  6A6E               	clrf	_b2^0,c
  2896   001354                     
  2897                           ;kurssss.c: 203:     b2 |= I2C_Read(1);
  2898   001354  0E01               	movlw	1
  2899   001356  EC1C  F00E         	call	_I2C_Read
  2900   00135A  6E02               	movwf	??_BMP180_ReadCalibration^0,c
  2901   00135C  5002               	movf	??_BMP180_ReadCalibration^0,w,c
  2902   00135E  126E               	iorwf	_b2^0,f,c
  2903   001360                     
  2904                           ;kurssss.c: 204:     I2C_Stop();
  2905   001360  EC6B  F00E         	call	_I2C_Stop	;wreg free
  2906   001364                     
  2907                           ;kurssss.c: 207:     I2C_Start();
  2908   001364  EC74  F00E         	call	_I2C_Start	;wreg free
  2909   001368                     
  2910                           ;kurssss.c: 208:     I2C_Write(0x77 << 1);
  2911   001368  0EEE               	movlw	238
  2912   00136A  EC48  F00E         	call	_I2C_Write
  2913   00136E                     
  2914                           ;kurssss.c: 209:     I2C_Write(0xBA);
  2915   00136E  0EBA               	movlw	186
  2916   001370  EC48  F00E         	call	_I2C_Write
  2917   001374                     
  2918                           ;kurssss.c: 210:     I2C_Restart();
  2919   001374  EC7D  F00E         	call	_I2C_Restart	;wreg free
  2920   001378                     
  2921                           ;kurssss.c: 211:     I2C_Write((0x77 << 1) | 1);
  2922   001378  0EEF               	movlw	239
  2923   00137A  EC48  F00E         	call	_I2C_Write
  2924   00137E                     
  2925                           ;kurssss.c: 212:     mb = (short)(I2C_Read(0) << 8);
  2926   00137E  0E00               	movlw	0
  2927   001380  EC1C  F00E         	call	_I2C_Read
  2928   001384  6E6D               	movwf	(_mb+1)^0,c
  2929   001386  6A6C               	clrf	_mb^0,c
  2930                           
  2931                           ;kurssss.c: 213:     mb |= I2C_Read(1);
  2932   001388  0E01               	movlw	1
  2933   00138A  EC1C  F00E         	call	_I2C_Read
  2934   00138E  6E02               	movwf	??_BMP180_ReadCalibration^0,c
  2935   001390  5002               	movf	??_BMP180_ReadCalibration^0,w,c
  2936   001392  126C               	iorwf	_mb^0,f,c
  2937   001394                     
  2938                           ;kurssss.c: 214:     I2C_Stop();
  2939   001394  EC6B  F00E         	call	_I2C_Stop	;wreg free
  2940   001398                     
  2941                           ;kurssss.c: 217:     I2C_Start();
  2942   001398  EC74  F00E         	call	_I2C_Start	;wreg free
  2943   00139C                     
  2944                           ;kurssss.c: 218:     I2C_Write(0x77 << 1);
  2945   00139C  0EEE               	movlw	238
  2946   00139E  EC48  F00E         	call	_I2C_Write
  2947   0013A2                     
  2948                           ;kurssss.c: 219:     I2C_Write(0xBC);
  2949   0013A2  0EBC               	movlw	188
  2950   0013A4  EC48  F00E         	call	_I2C_Write
  2951   0013A8                     
  2952                           ;kurssss.c: 220:     I2C_Restart();
  2953   0013A8  EC7D  F00E         	call	_I2C_Restart	;wreg free
  2954   0013AC                     
  2955                           ;kurssss.c: 221:     I2C_Write((0x77 << 1) | 1);
  2956   0013AC  0EEF               	movlw	239
  2957   0013AE  EC48  F00E         	call	_I2C_Write
  2958   0013B2                     
  2959                           ;kurssss.c: 222:     mc = (short)(I2C_Read(0) << 8);
  2960   0013B2  0E00               	movlw	0
  2961   0013B4  EC1C  F00E         	call	_I2C_Read
  2962   0013B8  6E6B               	movwf	(_mc+1)^0,c
  2963   0013BA  6A6A               	clrf	_mc^0,c
  2964   0013BC                     
  2965                           ;kurssss.c: 223:     mc |= I2C_Read(1);
  2966   0013BC  0E01               	movlw	1
  2967   0013BE  EC1C  F00E         	call	_I2C_Read
  2968   0013C2  6E02               	movwf	??_BMP180_ReadCalibration^0,c
  2969   0013C4  5002               	movf	??_BMP180_ReadCalibration^0,w,c
  2970   0013C6  126A               	iorwf	_mc^0,f,c
  2971   0013C8                     
  2972                           ;kurssss.c: 224:     I2C_Stop();
  2973   0013C8  EC6B  F00E         	call	_I2C_Stop	;wreg free
  2974   0013CC                     
  2975                           ;kurssss.c: 227:     I2C_Start();
  2976   0013CC  EC74  F00E         	call	_I2C_Start	;wreg free
  2977   0013D0                     
  2978                           ;kurssss.c: 228:     I2C_Write(0x77 << 1);
  2979   0013D0  0EEE               	movlw	238
  2980   0013D2  EC48  F00E         	call	_I2C_Write
  2981   0013D6                     
  2982                           ;kurssss.c: 229:     I2C_Write(0xBE);
  2983   0013D6  0EBE               	movlw	190
  2984   0013D8  EC48  F00E         	call	_I2C_Write
  2985   0013DC                     
  2986                           ;kurssss.c: 230:     I2C_Restart();
  2987   0013DC  EC7D  F00E         	call	_I2C_Restart	;wreg free
  2988   0013E0                     
  2989                           ;kurssss.c: 231:     I2C_Write((0x77 << 1) | 1);
  2990   0013E0  0EEF               	movlw	239
  2991   0013E2  EC48  F00E         	call	_I2C_Write
  2992                           
  2993                           ;kurssss.c: 232:     md = (short)(I2C_Read(0) << 8);
  2994   0013E6  0E00               	movlw	0
  2995   0013E8  EC1C  F00E         	call	_I2C_Read
  2996   0013EC  6E69               	movwf	(_md+1)^0,c
  2997   0013EE  6A68               	clrf	_md^0,c
  2998   0013F0                     
  2999                           ;kurssss.c: 233:     md |= I2C_Read(1);
  3000   0013F0  0E01               	movlw	1
  3001   0013F2  EC1C  F00E         	call	_I2C_Read
  3002   0013F6  6E02               	movwf	??_BMP180_ReadCalibration^0,c
  3003   0013F8  5002               	movf	??_BMP180_ReadCalibration^0,w,c
  3004   0013FA  1268               	iorwf	_md^0,f,c
  3005   0013FC                     
  3006                           ;kurssss.c: 234:     I2C_Stop();
  3007   0013FC  EC6B  F00E         	call	_I2C_Stop	;wreg free
  3008   001400  0012               	return		;funcret
  3009   001402                     __end_of_BMP180_ReadCalibration:
  3010                           	callstack 0
  3011                           
  3012 ;; *************** function _BMP180_Calculate *****************
  3013 ;; Defined at:
  3014 ;;		line 293 in file "kurssss.c"
  3015 ;; Parameters:    Size  Location     Type
  3016 ;;  temperature     1   14[COMRAM] PTR long 
  3017 ;;		 -> main@temperature(4), 
  3018 ;;  pressure        1   15[COMRAM] PTR long 
  3019 ;;		 -> main@pressure(4), 
  3020 ;; Auto vars:     Size  Location     Type
  3021 ;;  x1              4   71[COMRAM] long 
  3022 ;;  b6              4   67[COMRAM] long 
  3023 ;;  x2              4   63[COMRAM] long 
  3024 ;;  p               4   59[COMRAM] long 
  3025 ;;  b7              4   55[COMRAM] unsigned long 
  3026 ;;  x3              4   47[COMRAM] long 
  3027 ;;  b4              4   43[COMRAM] unsigned long 
  3028 ;;  b3              4   39[COMRAM] long 
  3029 ;;  up              4   35[COMRAM] long 
  3030 ;;  ut              4   31[COMRAM] long 
  3031 ;; Return value:  Size  Location     Type
  3032 ;;                  1    wreg      void 
  3033 ;; Registers used:
  3034 ;;		wreg, fsr2l, fsr2h, status,2, status,0, cstack
  3035 ;; Tracked objects:
  3036 ;;		On entry : 0/0
  3037 ;;		On exit  : 0/0
  3038 ;;		Unchanged: 0/0
  3039 ;; Data sizes:     COMRAM   BANK0   BANK1   BANK2   BANK3   BANK4   BANK5
  3040 ;;      Params:         2       0       0       0       0       0       0
  3041 ;;      Locals:        44       0       0       0       0       0       0
  3042 ;;      Temps:         15       0       0       0       0       0       0
  3043 ;;      Totals:        61       0       0       0       0       0       0
  3044 ;;Total ram usage:       61 bytes
  3045 ;; Hardware stack levels used: 1
  3046 ;; Hardware stack levels required when called: 2
  3047 ;; This function calls:
  3048 ;;		_BMP180_ReadUP
  3049 ;;		_BMP180_ReadUT
  3050 ;;		___aldiv
  3051 ;;		___lldiv
  3052 ;;		___lmul
  3053 ;; This function is called by:
  3054 ;;		_main
  3055 ;; This function uses a non-reentrant model
  3056 ;;
  3057                           
  3058                           	psect	text13
  3059   0006E0                     __ptext13:
  3060                           	callstack 0
  3061   0006E0                     _BMP180_Calculate:
  3062                           	callstack 28
  3063   0006E0                     
  3064                           ;kurssss.c: 294:     long ut = BMP180_ReadUT();
  3065   0006E0  EC98  F00D         	call	_BMP180_ReadUT	;wreg free
  3066   0006E4  C002  F020         	movff	?_BMP180_ReadUT,BMP180_Calculate@ut
  3067   0006E8  C003  F021         	movff	?_BMP180_ReadUT+1,BMP180_Calculate@ut+1
  3068   0006EC  6A22               	clrf	(BMP180_Calculate@ut+2)^0,c
  3069   0006EE  6A23               	clrf	(BMP180_Calculate@ut+3)^0,c
  3070                           
  3071                           ;kurssss.c: 295:     long up = BMP180_ReadUP();
  3072   0006F0  ECD7  F00B         	call	_BMP180_ReadUP	;wreg free
  3073   0006F4  C002  F024         	movff	?_BMP180_ReadUP,BMP180_Calculate@up
  3074   0006F8  C003  F025         	movff	?_BMP180_ReadUP+1,BMP180_Calculate@up+1
  3075   0006FC  C004  F026         	movff	?_BMP180_ReadUP+2,BMP180_Calculate@up+2
  3076   000700  C005  F027         	movff	?_BMP180_ReadUP+3,BMP180_Calculate@up+3
  3077                           
  3078                           ;kurssss.c: 298:     long x1 = ((ut - ac6) * ac5) >> 15;
  3079   000704  0E0F               	movlw	15
  3080   000706  6E11               	movwf	??_BMP180_Calculate^0,c
  3081   000708  5072               	movf	_ac6^0,w,c
  3082   00070A  6E12               	movwf	(??_BMP180_Calculate+1)^0,c
  3083   00070C  5073               	movf	(_ac6+1)^0,w,c
  3084   00070E  6E13               	movwf	(??_BMP180_Calculate+2)^0,c
  3085   000710  6A14               	clrf	(??_BMP180_Calculate+3)^0,c
  3086   000712  6A15               	clrf	(??_BMP180_Calculate+4)^0,c
  3087   000714  5012               	movf	(??_BMP180_Calculate+1)^0,w,c
  3088   000716  5C20               	subwf	BMP180_Calculate@ut^0,w,c
  3089   000718  6E01               	movwf	___lmul@multiplier^0,c
  3090   00071A  5013               	movf	(??_BMP180_Calculate+2)^0,w,c
  3091   00071C  5821               	subwfb	(BMP180_Calculate@ut+1)^0,w,c
  3092   00071E  6E02               	movwf	(___lmul@multiplier+1)^0,c
  3093   000720  5014               	movf	(??_BMP180_Calculate+3)^0,w,c
  3094   000722  5822               	subwfb	(BMP180_Calculate@ut+2)^0,w,c
  3095   000724  6E03               	movwf	(___lmul@multiplier+2)^0,c
  3096   000726  5015               	movf	(??_BMP180_Calculate+4)^0,w,c
  3097   000728  5823               	subwfb	(BMP180_Calculate@ut+3)^0,w,c
  3098   00072A  6E04               	movwf	(___lmul@multiplier+3)^0,c
  3099   00072C  C074  F005         	movff	_ac5,___lmul@multiplicand
  3100   000730  C075  F006         	movff	_ac5+1,___lmul@multiplicand+1
  3101   000734  6A07               	clrf	(___lmul@multiplicand+2)^0,c
  3102   000736  6A08               	clrf	(___lmul@multiplicand+3)^0,c
  3103   000738  EC63  F00D         	call	___lmul	;wreg free
  3104   00073C                     u1245:
  3105   00073C  6611               	tstfsz	??_BMP180_Calculate^0,c
  3106   00073E  EFA3  F003         	goto	u1246
  3107   000742  EFAB  F003         	goto	u1247
  3108   000746                     u1246:
  3109   000746  3404               	rlcf	(?___lmul+3)^0,w,c
  3110   000748  3204               	rrcf	(?___lmul+3)^0,f,c
  3111   00074A  3203               	rrcf	(?___lmul+2)^0,f,c
  3112   00074C  3202               	rrcf	(?___lmul+1)^0,f,c
  3113   00074E  3201               	rrcf	?___lmul^0,f,c
  3114   000750  2E11               	decfsz	??_BMP180_Calculate^0,f,c
  3115   000752  EF9E  F003         	goto	u1245
  3116   000756                     u1247:
  3117   000756  C001  F048         	movff	?___lmul,BMP180_Calculate@x1
  3118   00075A  C002  F049         	movff	?___lmul+1,BMP180_Calculate@x1+1
  3119   00075E  C003  F04A         	movff	?___lmul+2,BMP180_Calculate@x1+2
  3120   000762  C004  F04B         	movff	?___lmul+3,BMP180_Calculate@x1+3
  3121                           
  3122                           ;kurssss.c: 299:     long x2 = ((long)mc << 11) / (x1 + md);
  3123   000766  C06A  F011         	movff	_mc,??_BMP180_Calculate
  3124   00076A  C06B  F012         	movff	_mc+1,??_BMP180_Calculate+1
  3125   00076E  0E00               	movlw	0
  3126   000770  BE12               	btfsc	(??_BMP180_Calculate+1)^0,7,c
  3127   000772  0EFF               	movlw	255
  3128   000774  6E13               	movwf	(??_BMP180_Calculate+2)^0,c
  3129   000776  6E14               	movwf	(??_BMP180_Calculate+3)^0,c
  3130   000778  0E0B               	movlw	11
  3131   00077A                     u1255:
  3132   00077A  90D8               	bcf	status,0,c
  3133   00077C  3611               	rlcf	??_BMP180_Calculate^0,f,c
  3134   00077E  3612               	rlcf	(??_BMP180_Calculate+1)^0,f,c
  3135   000780  3613               	rlcf	(??_BMP180_Calculate+2)^0,f,c
  3136   000782  3614               	rlcf	(??_BMP180_Calculate+3)^0,f,c
  3137   000784  2EE8               	decfsz	wreg,f,c
  3138   000786  EFBD  F003         	goto	u1255
  3139   00078A  C011  F001         	movff	??_BMP180_Calculate,___aldiv@dividend
  3140   00078E  C012  F002         	movff	??_BMP180_Calculate+1,___aldiv@dividend+1
  3141   000792  C013  F003         	movff	??_BMP180_Calculate+2,___aldiv@dividend+2
  3142   000796  C014  F004         	movff	??_BMP180_Calculate+3,___aldiv@dividend+3
  3143   00079A  C068  F015         	movff	_md,??_BMP180_Calculate+4
  3144   00079E  C069  F016         	movff	_md+1,??_BMP180_Calculate+5
  3145   0007A2  0E00               	movlw	0
  3146   0007A4  BE16               	btfsc	(??_BMP180_Calculate+5)^0,7,c
  3147   0007A6  0EFF               	movlw	255
  3148   0007A8  6E17               	movwf	(??_BMP180_Calculate+6)^0,c
  3149   0007AA  6E18               	movwf	(??_BMP180_Calculate+7)^0,c
  3150   0007AC  5048               	movf	BMP180_Calculate@x1^0,w,c
  3151   0007AE  2415               	addwf	(??_BMP180_Calculate+4)^0,w,c
  3152   0007B0  6E05               	movwf	___aldiv@divisor^0,c
  3153   0007B2  5049               	movf	(BMP180_Calculate@x1+1)^0,w,c
  3154   0007B4  2016               	addwfc	(??_BMP180_Calculate+5)^0,w,c
  3155   0007B6  6E06               	movwf	(___aldiv@divisor+1)^0,c
  3156   0007B8  504A               	movf	(BMP180_Calculate@x1+2)^0,w,c
  3157   0007BA  2017               	addwfc	(??_BMP180_Calculate+6)^0,w,c
  3158   0007BC  6E07               	movwf	(___aldiv@divisor+2)^0,c
  3159   0007BE  504B               	movf	(BMP180_Calculate@x1+3)^0,w,c
  3160   0007C0  2018               	addwfc	(??_BMP180_Calculate+7)^0,w,c
  3161   0007C2  6E08               	movwf	(___aldiv@divisor+3)^0,c
  3162   0007C4  ECDD  F00A         	call	___aldiv	;wreg free
  3163   0007C8  C001  F040         	movff	?___aldiv,BMP180_Calculate@x2
  3164   0007CC  C002  F041         	movff	?___aldiv+1,BMP180_Calculate@x2+1
  3165   0007D0  C003  F042         	movff	?___aldiv+2,BMP180_Calculate@x2+2
  3166   0007D4  C004  F043         	movff	?___aldiv+3,BMP180_Calculate@x2+3
  3167   0007D8                     
  3168                           ;kurssss.c: 300:     b5 = x1 + x2;
  3169   0007D8  5040               	movf	BMP180_Calculate@x2^0,w,c
  3170   0007DA  2448               	addwf	BMP180_Calculate@x1^0,w,c
  3171   0007DC  6E60               	movwf	_b5^0,c
  3172   0007DE  5041               	movf	(BMP180_Calculate@x2+1)^0,w,c
  3173   0007E0  2049               	addwfc	(BMP180_Calculate@x1+1)^0,w,c
  3174   0007E2  6E61               	movwf	(_b5+1)^0,c
  3175   0007E4  5042               	movf	(BMP180_Calculate@x2+2)^0,w,c
  3176   0007E6  204A               	addwfc	(BMP180_Calculate@x1+2)^0,w,c
  3177   0007E8  6E62               	movwf	(_b5+2)^0,c
  3178   0007EA  5043               	movf	(BMP180_Calculate@x2+3)^0,w,c
  3179   0007EC  204B               	addwfc	(BMP180_Calculate@x1+3)^0,w,c
  3180   0007EE  6E63               	movwf	(_b5+3)^0,c
  3181   0007F0                     
  3182                           ;kurssss.c: 301:     *temperature = (b5 + 8) >> 4;
  3183   0007F0  0E04               	movlw	4
  3184   0007F2  6E11               	movwf	??_BMP180_Calculate^0,c
  3185   0007F4  0E08               	movlw	8
  3186   0007F6  2460               	addwf	_b5^0,w,c
  3187   0007F8  6E12               	movwf	(??_BMP180_Calculate+1)^0,c
  3188   0007FA  0E00               	movlw	0
  3189   0007FC  2061               	addwfc	(_b5+1)^0,w,c
  3190   0007FE  6E13               	movwf	(??_BMP180_Calculate+2)^0,c
  3191   000800  0E00               	movlw	0
  3192   000802  2062               	addwfc	(_b5+2)^0,w,c
  3193   000804  6E14               	movwf	(??_BMP180_Calculate+3)^0,c
  3194   000806  0E00               	movlw	0
  3195   000808  2063               	addwfc	(_b5+3)^0,w,c
  3196   00080A  6E15               	movwf	(??_BMP180_Calculate+4)^0,c
  3197   00080C                     u1265:
  3198   00080C  6611               	tstfsz	??_BMP180_Calculate^0,c
  3199   00080E  EF0B  F004         	goto	u1266
  3200   000812  EF13  F004         	goto	u1267
  3201   000816                     u1266:
  3202   000816  3415               	rlcf	(??_BMP180_Calculate+4)^0,w,c
  3203   000818  3215               	rrcf	(??_BMP180_Calculate+4)^0,f,c
  3204   00081A  3214               	rrcf	(??_BMP180_Calculate+3)^0,f,c
  3205   00081C  3213               	rrcf	(??_BMP180_Calculate+2)^0,f,c
  3206   00081E  3212               	rrcf	(??_BMP180_Calculate+1)^0,f,c
  3207   000820  2E11               	decfsz	??_BMP180_Calculate^0,f,c
  3208   000822  EF06  F004         	goto	u1265
  3209   000826                     u1267:
  3210   000826  500F               	movf	BMP180_Calculate@temperature^0,w,c
  3211   000828  6ED9               	movwf	fsr2l,c
  3212   00082A  6ADA               	clrf	fsr2h,c
  3213   00082C  C012  FFDE         	movff	??_BMP180_Calculate+1,postinc2
  3214   000830  C013  FFDE         	movff	??_BMP180_Calculate+2,postinc2
  3215   000834  C014  FFDE         	movff	??_BMP180_Calculate+3,postinc2
  3216   000838  C015  FFDE         	movff	??_BMP180_Calculate+4,postinc2
  3217   00083C                     
  3218                           ;kurssss.c: 304:     long b6 = b5 - 4000;
  3219   00083C  0E60               	movlw	96
  3220   00083E  2460               	addwf	_b5^0,w,c
  3221   000840  6E44               	movwf	BMP180_Calculate@b6^0,c
  3222   000842  0EF0               	movlw	240
  3223   000844  2061               	addwfc	(_b5+1)^0,w,c
  3224   000846  6E45               	movwf	(BMP180_Calculate@b6+1)^0,c
  3225   000848  0EFF               	movlw	255
  3226   00084A  2062               	addwfc	(_b5+2)^0,w,c
  3227   00084C  6E46               	movwf	(BMP180_Calculate@b6+2)^0,c
  3228   00084E  0EFF               	movlw	255
  3229   000850  2063               	addwfc	(_b5+3)^0,w,c
  3230   000852  6E47               	movwf	(BMP180_Calculate@b6+3)^0,c
  3231   000854                     
  3232                           ;kurssss.c: 305:     x1 = (b2 * (b6 * b6 >> 12)) >> 11;
  3233   000854  0E0C               	movlw	12
  3234   000856  6E11               	movwf	??_BMP180_Calculate^0,c
  3235   000858  C044  F001         	movff	BMP180_Calculate@b6,___lmul@multiplier
  3236   00085C  C045  F002         	movff	BMP180_Calculate@b6+1,___lmul@multiplier+1
  3237   000860  C046  F003         	movff	BMP180_Calculate@b6+2,___lmul@multiplier+2
  3238   000864  C047  F004         	movff	BMP180_Calculate@b6+3,___lmul@multiplier+3
  3239   000868  C044  F005         	movff	BMP180_Calculate@b6,___lmul@multiplicand
  3240   00086C  C045  F006         	movff	BMP180_Calculate@b6+1,___lmul@multiplicand+1
  3241   000870  C046  F007         	movff	BMP180_Calculate@b6+2,___lmul@multiplicand+2
  3242   000874  C047  F008         	movff	BMP180_Calculate@b6+3,___lmul@multiplicand+3
  3243   000878  EC63  F00D         	call	___lmul	;wreg free
  3244   00087C                     u1275:
  3245   00087C  6611               	tstfsz	??_BMP180_Calculate^0,c
  3246   00087E  EF43  F004         	goto	u1276
  3247   000882  EF4B  F004         	goto	u1277
  3248   000886                     u1276:
  3249   000886  3404               	rlcf	(?___lmul+3)^0,w,c
  3250   000888  3204               	rrcf	(?___lmul+3)^0,f,c
  3251   00088A  3203               	rrcf	(?___lmul+2)^0,f,c
  3252   00088C  3202               	rrcf	(?___lmul+1)^0,f,c
  3253   00088E  3201               	rrcf	?___lmul^0,f,c
  3254   000890  2E11               	decfsz	??_BMP180_Calculate^0,f,c
  3255   000892  EF3E  F004         	goto	u1275
  3256   000896                     u1277:
  3257   000896  C001  F034         	movff	?___lmul,_BMP180_Calculate$1407
  3258   00089A  C002  F035         	movff	?___lmul+1,_BMP180_Calculate$1407+1
  3259   00089E  C003  F036         	movff	?___lmul+2,_BMP180_Calculate$1407+2
  3260   0008A2  C004  F037         	movff	?___lmul+3,_BMP180_Calculate$1407+3
  3261   0008A6                     
  3262                           ;kurssss.c: 305:     x1 = (b2 * (b6 * b6 >> 12)) >> 11;
  3263   0008A6  0E0B               	movlw	11
  3264   0008A8  6E11               	movwf	??_BMP180_Calculate^0,c
  3265   0008AA  C06E  F001         	movff	_b2,___lmul@multiplier
  3266   0008AE  C06F  F002         	movff	_b2+1,___lmul@multiplier+1
  3267   0008B2  0E00               	movlw	0
  3268   0008B4  BE02               	btfsc	(___lmul@multiplier+1)^0,7,c
  3269   0008B6  0EFF               	movlw	-1
  3270   0008B8  6E03               	movwf	(___lmul@multiplier+2)^0,c
  3271   0008BA  6E04               	movwf	(___lmul@multiplier+3)^0,c
  3272   0008BC  C034  F005         	movff	_BMP180_Calculate$1407,___lmul@multiplicand
  3273   0008C0  C035  F006         	movff	_BMP180_Calculate$1407+1,___lmul@multiplicand+1
  3274   0008C4  C036  F007         	movff	_BMP180_Calculate$1407+2,___lmul@multiplicand+2
  3275   0008C8  C037  F008         	movff	_BMP180_Calculate$1407+3,___lmul@multiplicand+3
  3276   0008CC  EC63  F00D         	call	___lmul	;wreg free
  3277   0008D0                     u1285:
  3278   0008D0  6611               	tstfsz	??_BMP180_Calculate^0,c
  3279   0008D2  EF6D  F004         	goto	u1286
  3280   0008D6  EF75  F004         	goto	u1287
  3281   0008DA                     u1286:
  3282   0008DA  3404               	rlcf	(?___lmul+3)^0,w,c
  3283   0008DC  3204               	rrcf	(?___lmul+3)^0,f,c
  3284   0008DE  3203               	rrcf	(?___lmul+2)^0,f,c
  3285   0008E0  3202               	rrcf	(?___lmul+1)^0,f,c
  3286   0008E2  3201               	rrcf	?___lmul^0,f,c
  3287   0008E4  2E11               	decfsz	??_BMP180_Calculate^0,f,c
  3288   0008E6  EF68  F004         	goto	u1285
  3289   0008EA                     u1287:
  3290   0008EA  C001  F048         	movff	?___lmul,BMP180_Calculate@x1
  3291   0008EE  C002  F049         	movff	?___lmul+1,BMP180_Calculate@x1+1
  3292   0008F2  C003  F04A         	movff	?___lmul+2,BMP180_Calculate@x1+2
  3293   0008F6  C004  F04B         	movff	?___lmul+3,BMP180_Calculate@x1+3
  3294   0008FA                     
  3295                           ;kurssss.c: 306:     x2 = ac2 * b6 >> 11;
  3296   0008FA  0E0B               	movlw	11
  3297   0008FC  6E11               	movwf	??_BMP180_Calculate^0,c
  3298   0008FE  C07A  F001         	movff	_ac2,___lmul@multiplier
  3299   000902  C07B  F002         	movff	_ac2+1,___lmul@multiplier+1
  3300   000906  0E00               	movlw	0
  3301   000908  BE02               	btfsc	(___lmul@multiplier+1)^0,7,c
  3302   00090A  0EFF               	movlw	-1
  3303   00090C  6E03               	movwf	(___lmul@multiplier+2)^0,c
  3304   00090E  6E04               	movwf	(___lmul@multiplier+3)^0,c
  3305   000910  C044  F005         	movff	BMP180_Calculate@b6,___lmul@multiplicand
  3306   000914  C045  F006         	movff	BMP180_Calculate@b6+1,___lmul@multiplicand+1
  3307   000918  C046  F007         	movff	BMP180_Calculate@b6+2,___lmul@multiplicand+2
  3308   00091C  C047  F008         	movff	BMP180_Calculate@b6+3,___lmul@multiplicand+3
  3309   000920  EC63  F00D         	call	___lmul	;wreg free
  3310   000924                     u1295:
  3311   000924  6611               	tstfsz	??_BMP180_Calculate^0,c
  3312   000926  EF97  F004         	goto	u1296
  3313   00092A  EF9F  F004         	goto	u1297
  3314   00092E                     u1296:
  3315   00092E  3404               	rlcf	(?___lmul+3)^0,w,c
  3316   000930  3204               	rrcf	(?___lmul+3)^0,f,c
  3317   000932  3203               	rrcf	(?___lmul+2)^0,f,c
  3318   000934  3202               	rrcf	(?___lmul+1)^0,f,c
  3319   000936  3201               	rrcf	?___lmul^0,f,c
  3320   000938  2E11               	decfsz	??_BMP180_Calculate^0,f,c
  3321   00093A  EF92  F004         	goto	u1295
  3322   00093E                     u1297:
  3323   00093E  C001  F040         	movff	?___lmul,BMP180_Calculate@x2
  3324   000942  C002  F041         	movff	?___lmul+1,BMP180_Calculate@x2+1
  3325   000946  C003  F042         	movff	?___lmul+2,BMP180_Calculate@x2+2
  3326   00094A  C004  F043         	movff	?___lmul+3,BMP180_Calculate@x2+3
  3327   00094E                     
  3328                           ;kurssss.c: 307:     long x3 = x1 + x2;
  3329   00094E  5040               	movf	BMP180_Calculate@x2^0,w,c
  3330   000950  2448               	addwf	BMP180_Calculate@x1^0,w,c
  3331   000952  6E30               	movwf	BMP180_Calculate@x3^0,c
  3332   000954  5041               	movf	(BMP180_Calculate@x2+1)^0,w,c
  3333   000956  2049               	addwfc	(BMP180_Calculate@x1+1)^0,w,c
  3334   000958  6E31               	movwf	(BMP180_Calculate@x3+1)^0,c
  3335   00095A  5042               	movf	(BMP180_Calculate@x2+2)^0,w,c
  3336   00095C  204A               	addwfc	(BMP180_Calculate@x1+2)^0,w,c
  3337   00095E  6E32               	movwf	(BMP180_Calculate@x3+2)^0,c
  3338   000960  5043               	movf	(BMP180_Calculate@x2+3)^0,w,c
  3339   000962  204B               	addwfc	(BMP180_Calculate@x1+3)^0,w,c
  3340   000964  6E33               	movwf	(BMP180_Calculate@x3+3)^0,c
  3341   000966                     
  3342                           ;kurssss.c: 308:     long b3 = (((ac1 * 4 + x3) << 3) + 2) >> 2;
  3343   000966  0E02               	movlw	2
  3344   000968  6E11               	movwf	??_BMP180_Calculate^0,c
  3345   00096A  C07C  F012         	movff	_ac1,??_BMP180_Calculate+1
  3346   00096E  C07D  F013         	movff	_ac1+1,??_BMP180_Calculate+2
  3347   000972  90D8               	bcf	status,0,c
  3348   000974  3612               	rlcf	(??_BMP180_Calculate+1)^0,f,c
  3349   000976  3613               	rlcf	(??_BMP180_Calculate+2)^0,f,c
  3350   000978  90D8               	bcf	status,0,c
  3351   00097A  3612               	rlcf	(??_BMP180_Calculate+1)^0,f,c
  3352   00097C  3613               	rlcf	(??_BMP180_Calculate+2)^0,f,c
  3353   00097E  C012  F014         	movff	??_BMP180_Calculate+1,??_BMP180_Calculate+3
  3354   000982  C013  F015         	movff	??_BMP180_Calculate+2,??_BMP180_Calculate+4
  3355   000986  0E00               	movlw	0
  3356   000988  BE15               	btfsc	(??_BMP180_Calculate+4)^0,7,c
  3357   00098A  0EFF               	movlw	255
  3358   00098C  6E16               	movwf	(??_BMP180_Calculate+5)^0,c
  3359   00098E  6E17               	movwf	(??_BMP180_Calculate+6)^0,c
  3360   000990  5030               	movf	BMP180_Calculate@x3^0,w,c
  3361   000992  2414               	addwf	(??_BMP180_Calculate+3)^0,w,c
  3362   000994  6E18               	movwf	(??_BMP180_Calculate+7)^0,c
  3363   000996  5031               	movf	(BMP180_Calculate@x3+1)^0,w,c
  3364   000998  2015               	addwfc	(??_BMP180_Calculate+4)^0,w,c
  3365   00099A  6E19               	movwf	(??_BMP180_Calculate+8)^0,c
  3366   00099C  5032               	movf	(BMP180_Calculate@x3+2)^0,w,c
  3367   00099E  2016               	addwfc	(??_BMP180_Calculate+5)^0,w,c
  3368   0009A0  6E1A               	movwf	(??_BMP180_Calculate+9)^0,c
  3369   0009A2  5033               	movf	(BMP180_Calculate@x3+3)^0,w,c
  3370   0009A4  2017               	addwfc	(??_BMP180_Calculate+6)^0,w,c
  3371   0009A6  6E1B               	movwf	(??_BMP180_Calculate+10)^0,c
  3372   0009A8  0E03               	movlw	3
  3373   0009AA                     u1305:
  3374   0009AA  90D8               	bcf	status,0,c
  3375   0009AC  3618               	rlcf	(??_BMP180_Calculate+7)^0,f,c
  3376   0009AE  3619               	rlcf	(??_BMP180_Calculate+8)^0,f,c
  3377   0009B0  361A               	rlcf	(??_BMP180_Calculate+9)^0,f,c
  3378   0009B2  361B               	rlcf	(??_BMP180_Calculate+10)^0,f,c
  3379   0009B4  2EE8               	decfsz	wreg,f,c
  3380   0009B6  EFD5  F004         	goto	u1305
  3381   0009BA  0E02               	movlw	2
  3382   0009BC  2418               	addwf	(??_BMP180_Calculate+7)^0,w,c
  3383   0009BE  6E1C               	movwf	(??_BMP180_Calculate+11)^0,c
  3384   0009C0  0E00               	movlw	0
  3385   0009C2  2019               	addwfc	(??_BMP180_Calculate+8)^0,w,c
  3386   0009C4  6E1D               	movwf	(??_BMP180_Calculate+12)^0,c
  3387   0009C6  0E00               	movlw	0
  3388   0009C8  201A               	addwfc	(??_BMP180_Calculate+9)^0,w,c
  3389   0009CA  6E1E               	movwf	(??_BMP180_Calculate+13)^0,c
  3390   0009CC  0E00               	movlw	0
  3391   0009CE  201B               	addwfc	(??_BMP180_Calculate+10)^0,w,c
  3392   0009D0  6E1F               	movwf	(??_BMP180_Calculate+14)^0,c
  3393   0009D2                     u1315:
  3394   0009D2  6611               	tstfsz	??_BMP180_Calculate^0,c
  3395   0009D4  EFEE  F004         	goto	u1316
  3396   0009D8  EFF6  F004         	goto	u1317
  3397   0009DC                     u1316:
  3398   0009DC  341F               	rlcf	(??_BMP180_Calculate+14)^0,w,c
  3399   0009DE  321F               	rrcf	(??_BMP180_Calculate+14)^0,f,c
  3400   0009E0  321E               	rrcf	(??_BMP180_Calculate+13)^0,f,c
  3401   0009E2  321D               	rrcf	(??_BMP180_Calculate+12)^0,f,c
  3402   0009E4  321C               	rrcf	(??_BMP180_Calculate+11)^0,f,c
  3403   0009E6  2E11               	decfsz	??_BMP180_Calculate^0,f,c
  3404   0009E8  EFE9  F004         	goto	u1315
  3405   0009EC                     u1317:
  3406   0009EC  C01C  F028         	movff	??_BMP180_Calculate+11,BMP180_Calculate@b3
  3407   0009F0  C01D  F029         	movff	??_BMP180_Calculate+12,BMP180_Calculate@b3+1
  3408   0009F4  C01E  F02A         	movff	??_BMP180_Calculate+13,BMP180_Calculate@b3+2
  3409   0009F8  C01F  F02B         	movff	??_BMP180_Calculate+14,BMP180_Calculate@b3+3
  3410   0009FC                     
  3411                           ;kurssss.c: 309:     x1 = ac3 * b6 >> 13;
  3412   0009FC  0E0D               	movlw	13
  3413   0009FE  6E11               	movwf	??_BMP180_Calculate^0,c
  3414   000A00  C078  F001         	movff	_ac3,___lmul@multiplier
  3415   000A04  C079  F002         	movff	_ac3+1,___lmul@multiplier+1
  3416   000A08  0E00               	movlw	0
  3417   000A0A  BE02               	btfsc	(___lmul@multiplier+1)^0,7,c
  3418   000A0C  0EFF               	movlw	-1
  3419   000A0E  6E03               	movwf	(___lmul@multiplier+2)^0,c
  3420   000A10  6E04               	movwf	(___lmul@multiplier+3)^0,c
  3421   000A12  C044  F005         	movff	BMP180_Calculate@b6,___lmul@multiplicand
  3422   000A16  C045  F006         	movff	BMP180_Calculate@b6+1,___lmul@multiplicand+1
  3423   000A1A  C046  F007         	movff	BMP180_Calculate@b6+2,___lmul@multiplicand+2
  3424   000A1E  C047  F008         	movff	BMP180_Calculate@b6+3,___lmul@multiplicand+3
  3425   000A22  EC63  F00D         	call	___lmul	;wreg free
  3426   000A26                     u1325:
  3427   000A26  6611               	tstfsz	??_BMP180_Calculate^0,c
  3428   000A28  EF18  F005         	goto	u1326
  3429   000A2C  EF20  F005         	goto	u1327
  3430   000A30                     u1326:
  3431   000A30  3404               	rlcf	(?___lmul+3)^0,w,c
  3432   000A32  3204               	rrcf	(?___lmul+3)^0,f,c
  3433   000A34  3203               	rrcf	(?___lmul+2)^0,f,c
  3434   000A36  3202               	rrcf	(?___lmul+1)^0,f,c
  3435   000A38  3201               	rrcf	?___lmul^0,f,c
  3436   000A3A  2E11               	decfsz	??_BMP180_Calculate^0,f,c
  3437   000A3C  EF13  F005         	goto	u1325
  3438   000A40                     u1327:
  3439   000A40  C001  F048         	movff	?___lmul,BMP180_Calculate@x1
  3440   000A44  C002  F049         	movff	?___lmul+1,BMP180_Calculate@x1+1
  3441   000A48  C003  F04A         	movff	?___lmul+2,BMP180_Calculate@x1+2
  3442   000A4C  C004  F04B         	movff	?___lmul+3,BMP180_Calculate@x1+3
  3443   000A50                     
  3444                           ;kurssss.c: 310:     x2 = (b1 * (b6 * b6 >> 12)) >> 16;
  3445   000A50  0E0C               	movlw	12
  3446   000A52  6E11               	movwf	??_BMP180_Calculate^0,c
  3447   000A54  C044  F001         	movff	BMP180_Calculate@b6,___lmul@multiplier
  3448   000A58  C045  F002         	movff	BMP180_Calculate@b6+1,___lmul@multiplier+1
  3449   000A5C  C046  F003         	movff	BMP180_Calculate@b6+2,___lmul@multiplier+2
  3450   000A60  C047  F004         	movff	BMP180_Calculate@b6+3,___lmul@multiplier+3
  3451   000A64  C044  F005         	movff	BMP180_Calculate@b6,___lmul@multiplicand
  3452   000A68  C045  F006         	movff	BMP180_Calculate@b6+1,___lmul@multiplicand+1
  3453   000A6C  C046  F007         	movff	BMP180_Calculate@b6+2,___lmul@multiplicand+2
  3454   000A70  C047  F008         	movff	BMP180_Calculate@b6+3,___lmul@multiplicand+3
  3455   000A74  EC63  F00D         	call	___lmul	;wreg free
  3456   000A78                     u1335:
  3457   000A78  6611               	tstfsz	??_BMP180_Calculate^0,c
  3458   000A7A  EF41  F005         	goto	u1336
  3459   000A7E  EF49  F005         	goto	u1337
  3460   000A82                     u1336:
  3461   000A82  3404               	rlcf	(?___lmul+3)^0,w,c
  3462   000A84  3204               	rrcf	(?___lmul+3)^0,f,c
  3463   000A86  3203               	rrcf	(?___lmul+2)^0,f,c
  3464   000A88  3202               	rrcf	(?___lmul+1)^0,f,c
  3465   000A8A  3201               	rrcf	?___lmul^0,f,c
  3466   000A8C  2E11               	decfsz	??_BMP180_Calculate^0,f,c
  3467   000A8E  EF3C  F005         	goto	u1335
  3468   000A92                     u1337:
  3469   000A92  C001  F034         	movff	?___lmul,_BMP180_Calculate$1407
  3470   000A96  C002  F035         	movff	?___lmul+1,_BMP180_Calculate$1407+1
  3471   000A9A  C003  F036         	movff	?___lmul+2,_BMP180_Calculate$1407+2
  3472   000A9E  C004  F037         	movff	?___lmul+3,_BMP180_Calculate$1407+3
  3473   000AA2                     
  3474                           ;kurssss.c: 310:     x2 = (b1 * (b6 * b6 >> 12)) >> 16;
  3475   000AA2  0E10               	movlw	16
  3476   000AA4  6E11               	movwf	??_BMP180_Calculate^0,c
  3477   000AA6  C070  F001         	movff	_b1,___lmul@multiplier
  3478   000AAA  C071  F002         	movff	_b1+1,___lmul@multiplier+1
  3479   000AAE  0E00               	movlw	0
  3480   000AB0  BE02               	btfsc	(___lmul@multiplier+1)^0,7,c
  3481   000AB2  0EFF               	movlw	-1
  3482   000AB4  6E03               	movwf	(___lmul@multiplier+2)^0,c
  3483   000AB6  6E04               	movwf	(___lmul@multiplier+3)^0,c
  3484   000AB8  C034  F005         	movff	_BMP180_Calculate$1407,___lmul@multiplicand
  3485   000ABC  C035  F006         	movff	_BMP180_Calculate$1407+1,___lmul@multiplicand+1
  3486   000AC0  C036  F007         	movff	_BMP180_Calculate$1407+2,___lmul@multiplicand+2
  3487   000AC4  C037  F008         	movff	_BMP180_Calculate$1407+3,___lmul@multiplicand+3
  3488   000AC8  EC63  F00D         	call	___lmul	;wreg free
  3489   000ACC                     u1345:
  3490   000ACC  6611               	tstfsz	??_BMP180_Calculate^0,c
  3491   000ACE  EF6B  F005         	goto	u1346
  3492   000AD2  EF73  F005         	goto	u1347
  3493   000AD6                     u1346:
  3494   000AD6  3404               	rlcf	(?___lmul+3)^0,w,c
  3495   000AD8  3204               	rrcf	(?___lmul+3)^0,f,c
  3496   000ADA  3203               	rrcf	(?___lmul+2)^0,f,c
  3497   000ADC  3202               	rrcf	(?___lmul+1)^0,f,c
  3498   000ADE  3201               	rrcf	?___lmul^0,f,c
  3499   000AE0  2E11               	decfsz	??_BMP180_Calculate^0,f,c
  3500   000AE2  EF66  F005         	goto	u1345
  3501   000AE6                     u1347:
  3502   000AE6  C001  F040         	movff	?___lmul,BMP180_Calculate@x2
  3503   000AEA  C002  F041         	movff	?___lmul+1,BMP180_Calculate@x2+1
  3504   000AEE  C003  F042         	movff	?___lmul+2,BMP180_Calculate@x2+2
  3505   000AF2  C004  F043         	movff	?___lmul+3,BMP180_Calculate@x2+3
  3506   000AF6                     
  3507                           ;kurssss.c: 311:     x3 = (x1 + x2 + 2) >> 2;
  3508   000AF6  0E02               	movlw	2
  3509   000AF8  6E11               	movwf	??_BMP180_Calculate^0,c
  3510   000AFA  5040               	movf	BMP180_Calculate@x2^0,w,c
  3511   000AFC  2448               	addwf	BMP180_Calculate@x1^0,w,c
  3512   000AFE  6E12               	movwf	(??_BMP180_Calculate+1)^0,c
  3513   000B00  5041               	movf	(BMP180_Calculate@x2+1)^0,w,c
  3514   000B02  2049               	addwfc	(BMP180_Calculate@x1+1)^0,w,c
  3515   000B04  6E13               	movwf	(??_BMP180_Calculate+2)^0,c
  3516   000B06  5042               	movf	(BMP180_Calculate@x2+2)^0,w,c
  3517   000B08  204A               	addwfc	(BMP180_Calculate@x1+2)^0,w,c
  3518   000B0A  6E14               	movwf	(??_BMP180_Calculate+3)^0,c
  3519   000B0C  5043               	movf	(BMP180_Calculate@x2+3)^0,w,c
  3520   000B0E  204B               	addwfc	(BMP180_Calculate@x1+3)^0,w,c
  3521   000B10  6E15               	movwf	(??_BMP180_Calculate+4)^0,c
  3522   000B12  0E02               	movlw	2
  3523   000B14  2412               	addwf	(??_BMP180_Calculate+1)^0,w,c
  3524   000B16  6E16               	movwf	(??_BMP180_Calculate+5)^0,c
  3525   000B18  0E00               	movlw	0
  3526   000B1A  2013               	addwfc	(??_BMP180_Calculate+2)^0,w,c
  3527   000B1C  6E17               	movwf	(??_BMP180_Calculate+6)^0,c
  3528   000B1E  0E00               	movlw	0
  3529   000B20  2014               	addwfc	(??_BMP180_Calculate+3)^0,w,c
  3530   000B22  6E18               	movwf	(??_BMP180_Calculate+7)^0,c
  3531   000B24  0E00               	movlw	0
  3532   000B26  2015               	addwfc	(??_BMP180_Calculate+4)^0,w,c
  3533   000B28  6E19               	movwf	(??_BMP180_Calculate+8)^0,c
  3534   000B2A                     u1355:
  3535   000B2A  6611               	tstfsz	??_BMP180_Calculate^0,c
  3536   000B2C  EF9A  F005         	goto	u1356
  3537   000B30  EFA2  F005         	goto	u1357
  3538   000B34                     u1356:
  3539   000B34  3419               	rlcf	(??_BMP180_Calculate+8)^0,w,c
  3540   000B36  3219               	rrcf	(??_BMP180_Calculate+8)^0,f,c
  3541   000B38  3218               	rrcf	(??_BMP180_Calculate+7)^0,f,c
  3542   000B3A  3217               	rrcf	(??_BMP180_Calculate+6)^0,f,c
  3543   000B3C  3216               	rrcf	(??_BMP180_Calculate+5)^0,f,c
  3544   000B3E  2E11               	decfsz	??_BMP180_Calculate^0,f,c
  3545   000B40  EF95  F005         	goto	u1355
  3546   000B44                     u1357:
  3547   000B44  C016  F030         	movff	??_BMP180_Calculate+5,BMP180_Calculate@x3
  3548   000B48  C017  F031         	movff	??_BMP180_Calculate+6,BMP180_Calculate@x3+1
  3549   000B4C  C018  F032         	movff	??_BMP180_Calculate+7,BMP180_Calculate@x3+2
  3550   000B50  C019  F033         	movff	??_BMP180_Calculate+8,BMP180_Calculate@x3+3
  3551   000B54                     
  3552                           ;kurssss.c: 312:     unsigned long b4 = ac4 * (unsigned long)(x3 + 32768) >> 15;
  3553   000B54  0E00               	movlw	0
  3554   000B56  2430               	addwf	BMP180_Calculate@x3^0,w,c
  3555   000B58  6E01               	movwf	___lmul@multiplier^0,c
  3556   000B5A  0E80               	movlw	128
  3557   000B5C  2031               	addwfc	(BMP180_Calculate@x3+1)^0,w,c
  3558   000B5E  6E02               	movwf	(___lmul@multiplier+1)^0,c
  3559   000B60  0E00               	movlw	0
  3560   000B62  2032               	addwfc	(BMP180_Calculate@x3+2)^0,w,c
  3561   000B64  6E03               	movwf	(___lmul@multiplier+2)^0,c
  3562   000B66  0E00               	movlw	0
  3563   000B68  2033               	addwfc	(BMP180_Calculate@x3+3)^0,w,c
  3564   000B6A  6E04               	movwf	(___lmul@multiplier+3)^0,c
  3565   000B6C  C076  F005         	movff	_ac4,___lmul@multiplicand
  3566   000B70  C077  F006         	movff	_ac4+1,___lmul@multiplicand+1
  3567   000B74  6A07               	clrf	(___lmul@multiplicand+2)^0,c
  3568   000B76  6A08               	clrf	(___lmul@multiplicand+3)^0,c
  3569   000B78  EC63  F00D         	call	___lmul	;wreg free
  3570   000B7C  0E10               	movlw	16
  3571   000B7E  EFC6  F005         	goto	u1360
  3572   000B82                     u1365:
  3573   000B82  90D8               	bcf	status,0,c
  3574   000B84  3204               	rrcf	(?___lmul+3)^0,f,c
  3575   000B86  3203               	rrcf	(?___lmul+2)^0,f,c
  3576   000B88  3202               	rrcf	(?___lmul+1)^0,f,c
  3577   000B8A  3201               	rrcf	?___lmul^0,f,c
  3578   000B8C                     u1360:
  3579   000B8C  2EE8               	decfsz	wreg,f,c
  3580   000B8E  EFC1  F005         	goto	u1365
  3581   000B92  C001  F02C         	movff	?___lmul,BMP180_Calculate@b4
  3582   000B96  C002  F02D         	movff	?___lmul+1,BMP180_Calculate@b4+1
  3583   000B9A  C003  F02E         	movff	?___lmul+2,BMP180_Calculate@b4+2
  3584   000B9E  C004  F02F         	movff	?___lmul+3,BMP180_Calculate@b4+3
  3585   000BA2                     
  3586                           ;kurssss.c: 313:     unsigned long b7 = ((unsigned long)up - b3) * 50000UL;
  3587   000BA2  5028               	movf	BMP180_Calculate@b3^0,w,c
  3588   000BA4  5C24               	subwf	BMP180_Calculate@up^0,w,c
  3589   000BA6  6E01               	movwf	___lmul@multiplier^0,c
  3590   000BA8  5029               	movf	(BMP180_Calculate@b3+1)^0,w,c
  3591   000BAA  5825               	subwfb	(BMP180_Calculate@up+1)^0,w,c
  3592   000BAC  6E02               	movwf	(___lmul@multiplier+1)^0,c
  3593   000BAE  502A               	movf	(BMP180_Calculate@b3+2)^0,w,c
  3594   000BB0  5826               	subwfb	(BMP180_Calculate@up+2)^0,w,c
  3595   000BB2  6E03               	movwf	(___lmul@multiplier+2)^0,c
  3596   000BB4  502B               	movf	(BMP180_Calculate@b3+3)^0,w,c
  3597   000BB6  5827               	subwfb	(BMP180_Calculate@up+3)^0,w,c
  3598   000BB8  6E04               	movwf	(___lmul@multiplier+3)^0,c
  3599   000BBA  0E50               	movlw	80
  3600   000BBC  6E05               	movwf	___lmul@multiplicand^0,c
  3601   000BBE  0EC3               	movlw	195
  3602   000BC0  6E06               	movwf	(___lmul@multiplicand+1)^0,c
  3603   000BC2  0E00               	movlw	0
  3604   000BC4  6E07               	movwf	(___lmul@multiplicand+2)^0,c
  3605   000BC6  0E00               	movlw	0
  3606   000BC8  6E08               	movwf	(___lmul@multiplicand+3)^0,c
  3607   000BCA  EC63  F00D         	call	___lmul	;wreg free
  3608   000BCE  C001  F038         	movff	?___lmul,BMP180_Calculate@b7
  3609   000BD2  C002  F039         	movff	?___lmul+1,BMP180_Calculate@b7+1
  3610   000BD6  C003  F03A         	movff	?___lmul+2,BMP180_Calculate@b7+2
  3611   000BDA  C004  F03B         	movff	?___lmul+3,BMP180_Calculate@b7+3
  3612   000BDE                     
  3613                           ;kurssss.c: 315:     long p;;kurssss.c: 316:     if (b7 < 0x80000000) {
  3614   000BDE  0E80               	movlw	128
  3615   000BE0  5C3B               	subwf	(BMP180_Calculate@b7+3)^0,w,c
  3616   000BE2  B0D8               	btfsc	status,0,c
  3617   000BE4  EFF6  F005         	goto	u1371
  3618   000BE8  EFF8  F005         	goto	u1370
  3619   000BEC                     u1371:
  3620   000BEC  EF15  F006         	goto	l2186
  3621   000BF0                     u1370:
  3622   000BF0                     
  3623                           ;kurssss.c: 317:         p = (b7 << 1) / b4;
  3624   000BF0  90D8               	bcf	status,0,c
  3625   000BF2  3438               	rlcf	BMP180_Calculate@b7^0,w,c
  3626   000BF4  6E01               	movwf	___lldiv@dividend^0,c
  3627   000BF6  3439               	rlcf	(BMP180_Calculate@b7+1)^0,w,c
  3628   000BF8  6E02               	movwf	(___lldiv@dividend+1)^0,c
  3629   000BFA  343A               	rlcf	(BMP180_Calculate@b7+2)^0,w,c
  3630   000BFC  6E03               	movwf	(___lldiv@dividend+2)^0,c
  3631   000BFE  343B               	rlcf	(BMP180_Calculate@b7+3)^0,w,c
  3632   000C00  6E04               	movwf	(___lldiv@dividend+3)^0,c
  3633   000C02  C02C  F005         	movff	BMP180_Calculate@b4,___lldiv@divisor
  3634   000C06  C02D  F006         	movff	BMP180_Calculate@b4+1,___lldiv@divisor+1
  3635   000C0A  C02E  F007         	movff	BMP180_Calculate@b4+2,___lldiv@divisor+2
  3636   000C0E  C02F  F008         	movff	BMP180_Calculate@b4+3,___lldiv@divisor+3
  3637   000C12  EC98  F00C         	call	___lldiv	;wreg free
  3638   000C16  C001  F03C         	movff	?___lldiv,BMP180_Calculate@p
  3639   000C1A  C002  F03D         	movff	?___lldiv+1,BMP180_Calculate@p+1
  3640   000C1E  C003  F03E         	movff	?___lldiv+2,BMP180_Calculate@p+2
  3641   000C22  C004  F03F         	movff	?___lldiv+3,BMP180_Calculate@p+3
  3642                           
  3643                           ;kurssss.c: 318:     } else {
  3644   000C26  EF30  F006         	goto	l120
  3645   000C2A                     l2186:
  3646                           
  3647                           ;kurssss.c: 319:         p = (b7 / b4) << 1;
  3648   000C2A  C038  F001         	movff	BMP180_Calculate@b7,___lldiv@dividend
  3649   000C2E  C039  F002         	movff	BMP180_Calculate@b7+1,___lldiv@dividend+1
  3650   000C32  C03A  F003         	movff	BMP180_Calculate@b7+2,___lldiv@dividend+2
  3651   000C36  C03B  F004         	movff	BMP180_Calculate@b7+3,___lldiv@dividend+3
  3652   000C3A  C02C  F005         	movff	BMP180_Calculate@b4,___lldiv@divisor
  3653   000C3E  C02D  F006         	movff	BMP180_Calculate@b4+1,___lldiv@divisor+1
  3654   000C42  C02E  F007         	movff	BMP180_Calculate@b4+2,___lldiv@divisor+2
  3655   000C46  C02F  F008         	movff	BMP180_Calculate@b4+3,___lldiv@divisor+3
  3656   000C4A  EC98  F00C         	call	___lldiv	;wreg free
  3657   000C4E  90D8               	bcf	status,0,c
  3658   000C50  3401               	rlcf	?___lldiv^0,w,c
  3659   000C52  6E3C               	movwf	BMP180_Calculate@p^0,c
  3660   000C54  3402               	rlcf	(?___lldiv+1)^0,w,c
  3661   000C56  6E3D               	movwf	(BMP180_Calculate@p+1)^0,c
  3662   000C58  3403               	rlcf	(?___lldiv+2)^0,w,c
  3663   000C5A  6E3E               	movwf	(BMP180_Calculate@p+2)^0,c
  3664   000C5C  3404               	rlcf	(?___lldiv+3)^0,w,c
  3665   000C5E  6E3F               	movwf	(BMP180_Calculate@p+3)^0,c
  3666   000C60                     l120:
  3667                           
  3668                           ;kurssss.c: 322:     x1 = (p >> 8) * (p >> 8);
  3669   000C60  C03D  F011         	movff	BMP180_Calculate@p+1,??_BMP180_Calculate
  3670   000C64  C03E  F012         	movff	BMP180_Calculate@p+2,??_BMP180_Calculate+1
  3671   000C68  C03F  F013         	movff	BMP180_Calculate@p+3,??_BMP180_Calculate+2
  3672   000C6C  6A14               	clrf	(??_BMP180_Calculate+3)^0,c
  3673   000C6E  BE13               	btfsc	(??_BMP180_Calculate+2)^0,7,c
  3674   000C70  6814               	setf	(??_BMP180_Calculate+3)^0,c
  3675   000C72  C011  F001         	movff	??_BMP180_Calculate,___lmul@multiplier
  3676   000C76  C012  F002         	movff	??_BMP180_Calculate+1,___lmul@multiplier+1
  3677   000C7A  C013  F003         	movff	??_BMP180_Calculate+2,___lmul@multiplier+2
  3678   000C7E  C014  F004         	movff	??_BMP180_Calculate+3,___lmul@multiplier+3
  3679   000C82  C03D  F015         	movff	BMP180_Calculate@p+1,??_BMP180_Calculate+4
  3680   000C86  C03E  F016         	movff	BMP180_Calculate@p+2,??_BMP180_Calculate+5
  3681   000C8A  C03F  F017         	movff	BMP180_Calculate@p+3,??_BMP180_Calculate+6
  3682   000C8E  6A18               	clrf	(??_BMP180_Calculate+7)^0,c
  3683   000C90  BE17               	btfsc	(??_BMP180_Calculate+6)^0,7,c
  3684   000C92  6818               	setf	(??_BMP180_Calculate+7)^0,c
  3685   000C94  C015  F005         	movff	??_BMP180_Calculate+4,___lmul@multiplicand
  3686   000C98  C016  F006         	movff	??_BMP180_Calculate+5,___lmul@multiplicand+1
  3687   000C9C  C017  F007         	movff	??_BMP180_Calculate+6,___lmul@multiplicand+2
  3688   000CA0  C018  F008         	movff	??_BMP180_Calculate+7,___lmul@multiplicand+3
  3689   000CA4  EC63  F00D         	call	___lmul	;wreg free
  3690   000CA8  C001  F048         	movff	?___lmul,BMP180_Calculate@x1
  3691   000CAC  C002  F049         	movff	?___lmul+1,BMP180_Calculate@x1+1
  3692   000CB0  C003  F04A         	movff	?___lmul+2,BMP180_Calculate@x1+2
  3693   000CB4  C004  F04B         	movff	?___lmul+3,BMP180_Calculate@x1+3
  3694                           
  3695                           ;kurssss.c: 323:     x1 = (x1 * 3038) >> 16;
  3696   000CB8  0E10               	movlw	16
  3697   000CBA  6E11               	movwf	??_BMP180_Calculate^0,c
  3698   000CBC  C048  F001         	movff	BMP180_Calculate@x1,___lmul@multiplier
  3699   000CC0  C049  F002         	movff	BMP180_Calculate@x1+1,___lmul@multiplier+1
  3700   000CC4  C04A  F003         	movff	BMP180_Calculate@x1+2,___lmul@multiplier+2
  3701   000CC8  C04B  F004         	movff	BMP180_Calculate@x1+3,___lmul@multiplier+3
  3702   000CCC  0EDE               	movlw	222
  3703   000CCE  6E05               	movwf	___lmul@multiplicand^0,c
  3704   000CD0  0E0B               	movlw	11
  3705   000CD2  6E06               	movwf	(___lmul@multiplicand+1)^0,c
  3706   000CD4  0E00               	movlw	0
  3707   000CD6  6E07               	movwf	(___lmul@multiplicand+2)^0,c
  3708   000CD8  0E00               	movlw	0
  3709   000CDA  6E08               	movwf	(___lmul@multiplicand+3)^0,c
  3710   000CDC  EC63  F00D         	call	___lmul	;wreg free
  3711   000CE0                     u1385:
  3712   000CE0  6611               	tstfsz	??_BMP180_Calculate^0,c
  3713   000CE2  EF75  F006         	goto	u1386
  3714   000CE6  EF7D  F006         	goto	u1387
  3715   000CEA                     u1386:
  3716   000CEA  3404               	rlcf	(?___lmul+3)^0,w,c
  3717   000CEC  3204               	rrcf	(?___lmul+3)^0,f,c
  3718   000CEE  3203               	rrcf	(?___lmul+2)^0,f,c
  3719   000CF0  3202               	rrcf	(?___lmul+1)^0,f,c
  3720   000CF2  3201               	rrcf	?___lmul^0,f,c
  3721   000CF4  2E11               	decfsz	??_BMP180_Calculate^0,f,c
  3722   000CF6  EF70  F006         	goto	u1385
  3723   000CFA                     u1387:
  3724   000CFA  C001  F048         	movff	?___lmul,BMP180_Calculate@x1
  3725   000CFE  C002  F049         	movff	?___lmul+1,BMP180_Calculate@x1+1
  3726   000D02  C003  F04A         	movff	?___lmul+2,BMP180_Calculate@x1+2
  3727   000D06  C004  F04B         	movff	?___lmul+3,BMP180_Calculate@x1+3
  3728                           
  3729                           ;kurssss.c: 324:     x2 = (-7357 * p) >> 16;
  3730   000D0A  0E10               	movlw	16
  3731   000D0C  6E11               	movwf	??_BMP180_Calculate^0,c
  3732   000D0E  C03C  F001         	movff	BMP180_Calculate@p,___lmul@multiplier
  3733   000D12  C03D  F002         	movff	BMP180_Calculate@p+1,___lmul@multiplier+1
  3734   000D16  C03E  F003         	movff	BMP180_Calculate@p+2,___lmul@multiplier+2
  3735   000D1A  C03F  F004         	movff	BMP180_Calculate@p+3,___lmul@multiplier+3
  3736   000D1E  0E43               	movlw	67
  3737   000D20  6E05               	movwf	___lmul@multiplicand^0,c
  3738   000D22  0EE3               	movlw	227
  3739   000D24  6E06               	movwf	(___lmul@multiplicand+1)^0,c
  3740   000D26  0EFF               	movlw	255
  3741   000D28  6E07               	movwf	(___lmul@multiplicand+2)^0,c
  3742   000D2A  0EFF               	movlw	255
  3743   000D2C  6E08               	movwf	(___lmul@multiplicand+3)^0,c
  3744   000D2E  EC63  F00D         	call	___lmul	;wreg free
  3745   000D32                     u1395:
  3746   000D32  6611               	tstfsz	??_BMP180_Calculate^0,c
  3747   000D34  EF9E  F006         	goto	u1396
  3748   000D38  EFA6  F006         	goto	u1397
  3749   000D3C                     u1396:
  3750   000D3C  3404               	rlcf	(?___lmul+3)^0,w,c
  3751   000D3E  3204               	rrcf	(?___lmul+3)^0,f,c
  3752   000D40  3203               	rrcf	(?___lmul+2)^0,f,c
  3753   000D42  3202               	rrcf	(?___lmul+1)^0,f,c
  3754   000D44  3201               	rrcf	?___lmul^0,f,c
  3755   000D46  2E11               	decfsz	??_BMP180_Calculate^0,f,c
  3756   000D48  EF99  F006         	goto	u1395
  3757   000D4C                     u1397:
  3758   000D4C  C001  F040         	movff	?___lmul,BMP180_Calculate@x2
  3759   000D50  C002  F041         	movff	?___lmul+1,BMP180_Calculate@x2+1
  3760   000D54  C003  F042         	movff	?___lmul+2,BMP180_Calculate@x2+2
  3761   000D58  C004  F043         	movff	?___lmul+3,BMP180_Calculate@x2+3
  3762   000D5C                     
  3763                           ;kurssss.c: 325:     *pressure = p + ((x1 + x2 + 3791) >> 4);
  3764   000D5C  0E04               	movlw	4
  3765   000D5E  6E11               	movwf	??_BMP180_Calculate^0,c
  3766   000D60  5040               	movf	BMP180_Calculate@x2^0,w,c
  3767   000D62  2448               	addwf	BMP180_Calculate@x1^0,w,c
  3768   000D64  6E12               	movwf	(??_BMP180_Calculate+1)^0,c
  3769   000D66  5041               	movf	(BMP180_Calculate@x2+1)^0,w,c
  3770   000D68  2049               	addwfc	(BMP180_Calculate@x1+1)^0,w,c
  3771   000D6A  6E13               	movwf	(??_BMP180_Calculate+2)^0,c
  3772   000D6C  5042               	movf	(BMP180_Calculate@x2+2)^0,w,c
  3773   000D6E  204A               	addwfc	(BMP180_Calculate@x1+2)^0,w,c
  3774   000D70  6E14               	movwf	(??_BMP180_Calculate+3)^0,c
  3775   000D72  5043               	movf	(BMP180_Calculate@x2+3)^0,w,c
  3776   000D74  204B               	addwfc	(BMP180_Calculate@x1+3)^0,w,c
  3777   000D76  6E15               	movwf	(??_BMP180_Calculate+4)^0,c
  3778   000D78  0ECF               	movlw	207
  3779   000D7A  2412               	addwf	(??_BMP180_Calculate+1)^0,w,c
  3780   000D7C  6E16               	movwf	(??_BMP180_Calculate+5)^0,c
  3781   000D7E  0E0E               	movlw	14
  3782   000D80  2013               	addwfc	(??_BMP180_Calculate+2)^0,w,c
  3783   000D82  6E17               	movwf	(??_BMP180_Calculate+6)^0,c
  3784   000D84  0E00               	movlw	0
  3785   000D86  2014               	addwfc	(??_BMP180_Calculate+3)^0,w,c
  3786   000D88  6E18               	movwf	(??_BMP180_Calculate+7)^0,c
  3787   000D8A  0E00               	movlw	0
  3788   000D8C  2015               	addwfc	(??_BMP180_Calculate+4)^0,w,c
  3789   000D8E  6E19               	movwf	(??_BMP180_Calculate+8)^0,c
  3790   000D90                     u1405:
  3791   000D90  6611               	tstfsz	??_BMP180_Calculate^0,c
  3792   000D92  EFCD  F006         	goto	u1406
  3793   000D96  EFD5  F006         	goto	u1407
  3794   000D9A                     u1406:
  3795   000D9A  3419               	rlcf	(??_BMP180_Calculate+8)^0,w,c
  3796   000D9C  3219               	rrcf	(??_BMP180_Calculate+8)^0,f,c
  3797   000D9E  3218               	rrcf	(??_BMP180_Calculate+7)^0,f,c
  3798   000DA0  3217               	rrcf	(??_BMP180_Calculate+6)^0,f,c
  3799   000DA2  3216               	rrcf	(??_BMP180_Calculate+5)^0,f,c
  3800   000DA4  2E11               	decfsz	??_BMP180_Calculate^0,f,c
  3801   000DA6  EFC8  F006         	goto	u1405
  3802   000DAA                     u1407:
  3803   000DAA  503C               	movf	BMP180_Calculate@p^0,w,c
  3804   000DAC  2416               	addwf	(??_BMP180_Calculate+5)^0,w,c
  3805   000DAE  6E1A               	movwf	(??_BMP180_Calculate+9)^0,c
  3806   000DB0  503D               	movf	(BMP180_Calculate@p+1)^0,w,c
  3807   000DB2  2017               	addwfc	(??_BMP180_Calculate+6)^0,w,c
  3808   000DB4  6E1B               	movwf	(??_BMP180_Calculate+10)^0,c
  3809   000DB6  503E               	movf	(BMP180_Calculate@p+2)^0,w,c
  3810   000DB8  2018               	addwfc	(??_BMP180_Calculate+7)^0,w,c
  3811   000DBA  6E1C               	movwf	(??_BMP180_Calculate+11)^0,c
  3812   000DBC  503F               	movf	(BMP180_Calculate@p+3)^0,w,c
  3813   000DBE  2019               	addwfc	(??_BMP180_Calculate+8)^0,w,c
  3814   000DC0  6E1D               	movwf	(??_BMP180_Calculate+12)^0,c
  3815   000DC2  5010               	movf	BMP180_Calculate@pressure^0,w,c
  3816   000DC4  6ED9               	movwf	fsr2l,c
  3817   000DC6  6ADA               	clrf	fsr2h,c
  3818   000DC8  C01A  FFDE         	movff	??_BMP180_Calculate+9,postinc2
  3819   000DCC  C01B  FFDE         	movff	??_BMP180_Calculate+10,postinc2
  3820   000DD0  C01C  FFDE         	movff	??_BMP180_Calculate+11,postinc2
  3821   000DD4  C01D  FFDE         	movff	??_BMP180_Calculate+12,postinc2
  3822   000DD8  0012               	return		;funcret
  3823   000DDA                     __end_of_BMP180_Calculate:
  3824                           	callstack 0
  3825                           
  3826 ;; *************** function ___lmul *****************
  3827 ;; Defined at:
  3828 ;;		line 15 in file "C:\Program Files\Microchip\xc8\v3.10\pic\sources\c99\common\Umul32.c"
  3829 ;; Parameters:    Size  Location     Type
  3830 ;;  multiplier      4    0[COMRAM] unsigned long 
  3831 ;;  multiplicand    4    4[COMRAM] unsigned long 
  3832 ;; Auto vars:     Size  Location     Type
  3833 ;;  product         4    8[COMRAM] unsigned long 
  3834 ;; Return value:  Size  Location     Type
  3835 ;;                  4    0[COMRAM] unsigned long 
  3836 ;; Registers used:
  3837 ;;		wreg, status,2, status,0
  3838 ;; Tracked objects:
  3839 ;;		On entry : 0/0
  3840 ;;		On exit  : 0/0
  3841 ;;		Unchanged: 0/0
  3842 ;; Data sizes:     COMRAM   BANK0   BANK1   BANK2   BANK3   BANK4   BANK5
  3843 ;;      Params:         8       0       0       0       0       0       0
  3844 ;;      Locals:         4       0       0       0       0       0       0
  3845 ;;      Temps:          0       0       0       0       0       0       0
  3846 ;;      Totals:        12       0       0       0       0       0       0
  3847 ;;Total ram usage:       12 bytes
  3848 ;; Hardware stack levels used: 1
  3849 ;; This function calls:
  3850 ;;		Nothing
  3851 ;; This function is called by:
  3852 ;;		_BMP180_Calculate
  3853 ;; This function uses a non-reentrant model
  3854 ;;
  3855                           
  3856                           	psect	text14
  3857   001AC6                     __ptext14:
  3858                           	callstack 0
  3859   001AC6                     ___lmul:
  3860                           	callstack 29
  3861   001AC6  0E00               	movlw	0
  3862   001AC8  6E09               	movwf	___lmul@product^0,c
  3863   001ACA  0E00               	movlw	0
  3864   001ACC  6E0A               	movwf	(___lmul@product+1)^0,c
  3865   001ACE  0E00               	movlw	0
  3866   001AD0  6E0B               	movwf	(___lmul@product+2)^0,c
  3867   001AD2  0E00               	movlw	0
  3868   001AD4  6E0C               	movwf	(___lmul@product+3)^0,c
  3869   001AD6                     l1952:
  3870   001AD6  A001               	btfss	___lmul@multiplier^0,0,c
  3871   001AD8  EF70  F00D         	goto	u1171
  3872   001ADC  EF72  F00D         	goto	u1170
  3873   001AE0                     u1171:
  3874   001AE0  EF7A  F00D         	goto	l1956
  3875   001AE4                     u1170:
  3876   001AE4  5005               	movf	___lmul@multiplicand^0,w,c
  3877   001AE6  2609               	addwf	___lmul@product^0,f,c
  3878   001AE8  5006               	movf	(___lmul@multiplicand+1)^0,w,c
  3879   001AEA  220A               	addwfc	(___lmul@product+1)^0,f,c
  3880   001AEC  5007               	movf	(___lmul@multiplicand+2)^0,w,c
  3881   001AEE  220B               	addwfc	(___lmul@product+2)^0,f,c
  3882   001AF0  5008               	movf	(___lmul@multiplicand+3)^0,w,c
  3883   001AF2  220C               	addwfc	(___lmul@product+3)^0,f,c
  3884   001AF4                     l1956:
  3885   001AF4  90D8               	bcf	status,0,c
  3886   001AF6  3605               	rlcf	___lmul@multiplicand^0,f,c
  3887   001AF8  3606               	rlcf	(___lmul@multiplicand+1)^0,f,c
  3888   001AFA  3607               	rlcf	(___lmul@multiplicand+2)^0,f,c
  3889   001AFC  3608               	rlcf	(___lmul@multiplicand+3)^0,f,c
  3890   001AFE  90D8               	bcf	status,0,c
  3891   001B00  3204               	rrcf	(___lmul@multiplier+3)^0,f,c
  3892   001B02  3203               	rrcf	(___lmul@multiplier+2)^0,f,c
  3893   001B04  3202               	rrcf	(___lmul@multiplier+1)^0,f,c
  3894   001B06  3201               	rrcf	___lmul@multiplier^0,f,c
  3895   001B08  5001               	movf	___lmul@multiplier^0,w,c
  3896   001B0A  1002               	iorwf	(___lmul@multiplier+1)^0,w,c
  3897   001B0C  1003               	iorwf	(___lmul@multiplier+2)^0,w,c
  3898   001B0E  1004               	iorwf	(___lmul@multiplier+3)^0,w,c
  3899   001B10  A4D8               	btfss	status,2,c
  3900   001B12  EF8D  F00D         	goto	u1181
  3901   001B16  EF8F  F00D         	goto	u1180
  3902   001B1A                     u1181:
  3903   001B1A  EF6B  F00D         	goto	l1952
  3904   001B1E                     u1180:
  3905   001B1E  C009  F001         	movff	___lmul@product,?___lmul
  3906   001B22  C00A  F002         	movff	___lmul@product+1,?___lmul+1
  3907   001B26  C00B  F003         	movff	___lmul@product+2,?___lmul+2
  3908   001B2A  C00C  F004         	movff	___lmul@product+3,?___lmul+3
  3909   001B2E  0012               	return		;funcret
  3910   001B30                     __end_of___lmul:
  3911                           	callstack 0
  3912                           
  3913 ;; *************** function ___lldiv *****************
  3914 ;; Defined at:
  3915 ;;		line 7 in file "C:\Program Files\Microchip\xc8\v3.10\pic\sources\c99\common\__lldiv.c"
  3916 ;; Parameters:    Size  Location     Type
  3917 ;;  dividend        4    0[COMRAM] unsigned long 
  3918 ;;  divisor         4    4[COMRAM] unsigned long 
  3919 ;; Auto vars:     Size  Location     Type
  3920 ;;  quotient        4    8[COMRAM] unsigned long 
  3921 ;;  counter         1   12[COMRAM] unsigned char 
  3922 ;; Return value:  Size  Location     Type
  3923 ;;                  4    0[COMRAM] unsigned long 
  3924 ;; Registers used:
  3925 ;;		wreg, status,2, status,0
  3926 ;; Tracked objects:
  3927 ;;		On entry : 0/0
  3928 ;;		On exit  : 0/0
  3929 ;;		Unchanged: 0/0
  3930 ;; Data sizes:     COMRAM   BANK0   BANK1   BANK2   BANK3   BANK4   BANK5
  3931 ;;      Params:         8       0       0       0       0       0       0
  3932 ;;      Locals:         5       0       0       0       0       0       0
  3933 ;;      Temps:          0       0       0       0       0       0       0
  3934 ;;      Totals:        13       0       0       0       0       0       0
  3935 ;;Total ram usage:       13 bytes
  3936 ;; Hardware stack levels used: 1
  3937 ;; This function calls:
  3938 ;;		Nothing
  3939 ;; This function is called by:
  3940 ;;		_BMP180_Calculate
  3941 ;;		_vfpfcnvrt
  3942 ;; This function uses a non-reentrant model
  3943 ;;
  3944                           
  3945                           	psect	text15
  3946   001930                     __ptext15:
  3947                           	callstack 0
  3948   001930                     ___lldiv:
  3949                           	callstack 27
  3950   001930  0E00               	movlw	0
  3951   001932  6E09               	movwf	___lldiv@quotient^0,c
  3952   001934  0E00               	movlw	0
  3953   001936  6E0A               	movwf	(___lldiv@quotient+1)^0,c
  3954   001938  0E00               	movlw	0
  3955   00193A  6E0B               	movwf	(___lldiv@quotient+2)^0,c
  3956   00193C  0E00               	movlw	0
  3957   00193E  6E0C               	movwf	(___lldiv@quotient+3)^0,c
  3958   001940  5005               	movf	___lldiv@divisor^0,w,c
  3959   001942  1006               	iorwf	(___lldiv@divisor+1)^0,w,c
  3960   001944  1007               	iorwf	(___lldiv@divisor+2)^0,w,c
  3961   001946  1008               	iorwf	(___lldiv@divisor+3)^0,w,c
  3962   001948  B4D8               	btfsc	status,2,c
  3963   00194A  EFA9  F00C         	goto	u711
  3964   00194E  EFAB  F00C         	goto	u710
  3965   001952                     u711:
  3966   001952  EFE1  F00C         	goto	l159
  3967   001956                     u710:
  3968   001956  0E01               	movlw	1
  3969   001958  6E0D               	movwf	___lldiv@counter^0,c
  3970   00195A  EFB5  F00C         	goto	l1642
  3971   00195E                     l1640:
  3972   00195E  90D8               	bcf	status,0,c
  3973   001960  3605               	rlcf	___lldiv@divisor^0,f,c
  3974   001962  3606               	rlcf	(___lldiv@divisor+1)^0,f,c
  3975   001964  3607               	rlcf	(___lldiv@divisor+2)^0,f,c
  3976   001966  3608               	rlcf	(___lldiv@divisor+3)^0,f,c
  3977   001968  2A0D               	incf	___lldiv@counter^0,f,c
  3978   00196A                     l1642:
  3979   00196A  AE08               	btfss	(___lldiv@divisor+3)^0,7,c
  3980   00196C  EFBA  F00C         	goto	u721
  3981   001970  EFBC  F00C         	goto	u720
  3982   001974                     u721:
  3983   001974  EFAF  F00C         	goto	l1640
  3984   001978                     u720:
  3985   001978                     l1644:
  3986   001978  90D8               	bcf	status,0,c
  3987   00197A  3609               	rlcf	___lldiv@quotient^0,f,c
  3988   00197C  360A               	rlcf	(___lldiv@quotient+1)^0,f,c
  3989   00197E  360B               	rlcf	(___lldiv@quotient+2)^0,f,c
  3990   001980  360C               	rlcf	(___lldiv@quotient+3)^0,f,c
  3991   001982  5005               	movf	___lldiv@divisor^0,w,c
  3992   001984  5C01               	subwf	___lldiv@dividend^0,w,c
  3993   001986  5006               	movf	(___lldiv@divisor+1)^0,w,c
  3994   001988  5802               	subwfb	(___lldiv@dividend+1)^0,w,c
  3995   00198A  5007               	movf	(___lldiv@divisor+2)^0,w,c
  3996   00198C  5803               	subwfb	(___lldiv@dividend+2)^0,w,c
  3997   00198E  5008               	movf	(___lldiv@divisor+3)^0,w,c
  3998   001990  5804               	subwfb	(___lldiv@dividend+3)^0,w,c
  3999   001992  A0D8               	btfss	status,0,c
  4000   001994  EFCE  F00C         	goto	u731
  4001   001998  EFD0  F00C         	goto	u730
  4002   00199C                     u731:
  4003   00199C  EFD9  F00C         	goto	l1652
  4004   0019A0                     u730:
  4005   0019A0  5005               	movf	___lldiv@divisor^0,w,c
  4006   0019A2  5E01               	subwf	___lldiv@dividend^0,f,c
  4007   0019A4  5006               	movf	(___lldiv@divisor+1)^0,w,c
  4008   0019A6  5A02               	subwfb	(___lldiv@dividend+1)^0,f,c
  4009   0019A8  5007               	movf	(___lldiv@divisor+2)^0,w,c
  4010   0019AA  5A03               	subwfb	(___lldiv@dividend+2)^0,f,c
  4011   0019AC  5008               	movf	(___lldiv@divisor+3)^0,w,c
  4012   0019AE  5A04               	subwfb	(___lldiv@dividend+3)^0,f,c
  4013   0019B0  8009               	bsf	___lldiv@quotient^0,0,c
  4014   0019B2                     l1652:
  4015   0019B2  90D8               	bcf	status,0,c
  4016   0019B4  3208               	rrcf	(___lldiv@divisor+3)^0,f,c
  4017   0019B6  3207               	rrcf	(___lldiv@divisor+2)^0,f,c
  4018   0019B8  3206               	rrcf	(___lldiv@divisor+1)^0,f,c
  4019   0019BA  3205               	rrcf	___lldiv@divisor^0,f,c
  4020   0019BC  2E0D               	decfsz	___lldiv@counter^0,f,c
  4021   0019BE  EFBC  F00C         	goto	l1644
  4022   0019C2                     l159:
  4023   0019C2  C009  F001         	movff	___lldiv@quotient,?___lldiv
  4024   0019C6  C00A  F002         	movff	___lldiv@quotient+1,?___lldiv+1
  4025   0019CA  C00B  F003         	movff	___lldiv@quotient+2,?___lldiv+2
  4026   0019CE  C00C  F004         	movff	___lldiv@quotient+3,?___lldiv+3
  4027   0019D2  0012               	return		;funcret
  4028   0019D4                     __end_of___lldiv:
  4029                           	callstack 0
  4030                           
  4031 ;; *************** function ___aldiv *****************
  4032 ;; Defined at:
  4033 ;;		line 7 in file "C:\Program Files\Microchip\xc8\v3.10\pic\sources\c99\common\aldiv.c"
  4034 ;; Parameters:    Size  Location     Type
  4035 ;;  dividend        4    0[COMRAM] long 
  4036 ;;  divisor         4    4[COMRAM] long 
  4037 ;; Auto vars:     Size  Location     Type
  4038 ;;  quotient        4   10[COMRAM] long 
  4039 ;;  sign            1    9[COMRAM] unsigned char 
  4040 ;;  counter         1    8[COMRAM] unsigned char 
  4041 ;; Return value:  Size  Location     Type
  4042 ;;                  4    0[COMRAM] long 
  4043 ;; Registers used:
  4044 ;;		wreg, status,2, status,0
  4045 ;; Tracked objects:
  4046 ;;		On entry : 0/0
  4047 ;;		On exit  : 0/0
  4048 ;;		Unchanged: 0/0
  4049 ;; Data sizes:     COMRAM   BANK0   BANK1   BANK2   BANK3   BANK4   BANK5
  4050 ;;      Params:         8       0       0       0       0       0       0
  4051 ;;      Locals:         6       0       0       0       0       0       0
  4052 ;;      Temps:          0       0       0       0       0       0       0
  4053 ;;      Totals:        14       0       0       0       0       0       0
  4054 ;;Total ram usage:       14 bytes
  4055 ;; Hardware stack levels used: 1
  4056 ;; This function calls:
  4057 ;;		Nothing
  4058 ;; This function is called by:
  4059 ;;		_BMP180_Calculate
  4060 ;;		_main
  4061 ;;		_vfpfcnvrt
  4062 ;; This function uses a non-reentrant model
  4063 ;;
  4064                           
  4065                           	psect	text16
  4066   0015BA                     __ptext16:
  4067                           	callstack 0
  4068   0015BA                     ___aldiv:
  4069                           	callstack 27
  4070   0015BA  6A0A               	clrf	___aldiv@sign^0,c
  4071   0015BC  BE08               	btfsc	(___aldiv@divisor+3)^0,7,c
  4072   0015BE  EFE5  F00A         	goto	u740
  4073   0015C2  EFE3  F00A         	goto	u741
  4074   0015C6                     u741:
  4075   0015C6  EFEF  F00A         	goto	l1664
  4076   0015CA                     u740:
  4077   0015CA  1E08               	comf	(___aldiv@divisor+3)^0,f,c
  4078   0015CC  1E07               	comf	(___aldiv@divisor+2)^0,f,c
  4079   0015CE  1E06               	comf	(___aldiv@divisor+1)^0,f,c
  4080   0015D0  6C05               	negf	___aldiv@divisor^0,c
  4081   0015D2  0E00               	movlw	0
  4082   0015D4  2206               	addwfc	(___aldiv@divisor+1)^0,f,c
  4083   0015D6  2207               	addwfc	(___aldiv@divisor+2)^0,f,c
  4084   0015D8  2208               	addwfc	(___aldiv@divisor+3)^0,f,c
  4085   0015DA  0E01               	movlw	1
  4086   0015DC  6E0A               	movwf	___aldiv@sign^0,c
  4087   0015DE                     l1664:
  4088   0015DE  BE04               	btfsc	(___aldiv@dividend+3)^0,7,c
  4089   0015E0  EFF6  F00A         	goto	u750
  4090   0015E4  EFF4  F00A         	goto	u751
  4091   0015E8                     u751:
  4092   0015E8  EF00  F00B         	goto	l1670
  4093   0015EC                     u750:
  4094   0015EC  1E04               	comf	(___aldiv@dividend+3)^0,f,c
  4095   0015EE  1E03               	comf	(___aldiv@dividend+2)^0,f,c
  4096   0015F0  1E02               	comf	(___aldiv@dividend+1)^0,f,c
  4097   0015F2  6C01               	negf	___aldiv@dividend^0,c
  4098   0015F4  0E00               	movlw	0
  4099   0015F6  2202               	addwfc	(___aldiv@dividend+1)^0,f,c
  4100   0015F8  2203               	addwfc	(___aldiv@dividend+2)^0,f,c
  4101   0015FA  2204               	addwfc	(___aldiv@dividend+3)^0,f,c
  4102   0015FC  0E01               	movlw	1
  4103   0015FE  1A0A               	xorwf	___aldiv@sign^0,f,c
  4104   001600                     l1670:
  4105   001600  0E00               	movlw	0
  4106   001602  6E0B               	movwf	___aldiv@quotient^0,c
  4107   001604  0E00               	movlw	0
  4108   001606  6E0C               	movwf	(___aldiv@quotient+1)^0,c
  4109   001608  0E00               	movlw	0
  4110   00160A  6E0D               	movwf	(___aldiv@quotient+2)^0,c
  4111   00160C  0E00               	movlw	0
  4112   00160E  6E0E               	movwf	(___aldiv@quotient+3)^0,c
  4113   001610  5005               	movf	___aldiv@divisor^0,w,c
  4114   001612  1006               	iorwf	(___aldiv@divisor+1)^0,w,c
  4115   001614  1007               	iorwf	(___aldiv@divisor+2)^0,w,c
  4116   001616  1008               	iorwf	(___aldiv@divisor+3)^0,w,c
  4117   001618  B4D8               	btfsc	status,2,c
  4118   00161A  EF11  F00B         	goto	u761
  4119   00161E  EF13  F00B         	goto	u760
  4120   001622                     u761:
  4121   001622  EF49  F00B         	goto	l1692
  4122   001626                     u760:
  4123   001626  0E01               	movlw	1
  4124   001628  6E09               	movwf	___aldiv@counter^0,c
  4125   00162A  EF1D  F00B         	goto	l1678
  4126   00162E                     l1676:
  4127   00162E  90D8               	bcf	status,0,c
  4128   001630  3605               	rlcf	___aldiv@divisor^0,f,c
  4129   001632  3606               	rlcf	(___aldiv@divisor+1)^0,f,c
  4130   001634  3607               	rlcf	(___aldiv@divisor+2)^0,f,c
  4131   001636  3608               	rlcf	(___aldiv@divisor+3)^0,f,c
  4132   001638  2A09               	incf	___aldiv@counter^0,f,c
  4133   00163A                     l1678:
  4134   00163A  AE08               	btfss	(___aldiv@divisor+3)^0,7,c
  4135   00163C  EF22  F00B         	goto	u771
  4136   001640  EF24  F00B         	goto	u770
  4137   001644                     u771:
  4138   001644  EF17  F00B         	goto	l1676
  4139   001648                     u770:
  4140   001648                     l1680:
  4141   001648  90D8               	bcf	status,0,c
  4142   00164A  360B               	rlcf	___aldiv@quotient^0,f,c
  4143   00164C  360C               	rlcf	(___aldiv@quotient+1)^0,f,c
  4144   00164E  360D               	rlcf	(___aldiv@quotient+2)^0,f,c
  4145   001650  360E               	rlcf	(___aldiv@quotient+3)^0,f,c
  4146   001652  5005               	movf	___aldiv@divisor^0,w,c
  4147   001654  5C01               	subwf	___aldiv@dividend^0,w,c
  4148   001656  5006               	movf	(___aldiv@divisor+1)^0,w,c
  4149   001658  5802               	subwfb	(___aldiv@dividend+1)^0,w,c
  4150   00165A  5007               	movf	(___aldiv@divisor+2)^0,w,c
  4151   00165C  5803               	subwfb	(___aldiv@dividend+2)^0,w,c
  4152   00165E  5008               	movf	(___aldiv@divisor+3)^0,w,c
  4153   001660  5804               	subwfb	(___aldiv@dividend+3)^0,w,c
  4154   001662  A0D8               	btfss	status,0,c
  4155   001664  EF36  F00B         	goto	u781
  4156   001668  EF38  F00B         	goto	u780
  4157   00166C                     u781:
  4158   00166C  EF41  F00B         	goto	l1688
  4159   001670                     u780:
  4160   001670  5005               	movf	___aldiv@divisor^0,w,c
  4161   001672  5E01               	subwf	___aldiv@dividend^0,f,c
  4162   001674  5006               	movf	(___aldiv@divisor+1)^0,w,c
  4163   001676  5A02               	subwfb	(___aldiv@dividend+1)^0,f,c
  4164   001678  5007               	movf	(___aldiv@divisor+2)^0,w,c
  4165   00167A  5A03               	subwfb	(___aldiv@dividend+2)^0,f,c
  4166   00167C  5008               	movf	(___aldiv@divisor+3)^0,w,c
  4167   00167E  5A04               	subwfb	(___aldiv@dividend+3)^0,f,c
  4168   001680  800B               	bsf	___aldiv@quotient^0,0,c
  4169   001682                     l1688:
  4170   001682  90D8               	bcf	status,0,c
  4171   001684  3208               	rrcf	(___aldiv@divisor+3)^0,f,c
  4172   001686  3207               	rrcf	(___aldiv@divisor+2)^0,f,c
  4173   001688  3206               	rrcf	(___aldiv@divisor+1)^0,f,c
  4174   00168A  3205               	rrcf	___aldiv@divisor^0,f,c
  4175   00168C  2E09               	decfsz	___aldiv@counter^0,f,c
  4176   00168E  EF24  F00B         	goto	l1680
  4177   001692                     l1692:
  4178   001692  500A               	movf	___aldiv@sign^0,w,c
  4179   001694  B4D8               	btfsc	status,2,c
  4180   001696  EF4F  F00B         	goto	u791
  4181   00169A  EF51  F00B         	goto	u790
  4182   00169E                     u791:
  4183   00169E  EF59  F00B         	goto	l1696
  4184   0016A2                     u790:
  4185   0016A2  1E0E               	comf	(___aldiv@quotient+3)^0,f,c
  4186   0016A4  1E0D               	comf	(___aldiv@quotient+2)^0,f,c
  4187   0016A6  1E0C               	comf	(___aldiv@quotient+1)^0,f,c
  4188   0016A8  6C0B               	negf	___aldiv@quotient^0,c
  4189   0016AA  0E00               	movlw	0
  4190   0016AC  220C               	addwfc	(___aldiv@quotient+1)^0,f,c
  4191   0016AE  220D               	addwfc	(___aldiv@quotient+2)^0,f,c
  4192   0016B0  220E               	addwfc	(___aldiv@quotient+3)^0,f,c
  4193   0016B2                     l1696:
  4194   0016B2  C00B  F001         	movff	___aldiv@quotient,?___aldiv
  4195   0016B6  C00C  F002         	movff	___aldiv@quotient+1,?___aldiv+1
  4196   0016BA  C00D  F003         	movff	___aldiv@quotient+2,?___aldiv+2
  4197   0016BE  C00E  F004         	movff	___aldiv@quotient+3,?___aldiv+3
  4198   0016C2  0012               	return		;funcret
  4199   0016C4                     __end_of___aldiv:
  4200                           	callstack 0
  4201                           
  4202 ;; *************** function _BMP180_ReadUT *****************
  4203 ;; Defined at:
  4204 ;;		line 238 in file "kurssss.c"
  4205 ;; Parameters:    Size  Location     Type
  4206 ;;		None
  4207 ;; Auto vars:     Size  Location     Type
  4208 ;;  ut              2    4[COMRAM] unsigned int 
  4209 ;; Return value:  Size  Location     Type
  4210 ;;                  2    1[COMRAM] unsigned int 
  4211 ;; Registers used:
  4212 ;;		wreg, status,2, status,0, cstack
  4213 ;; Tracked objects:
  4214 ;;		On entry : 0/0
  4215 ;;		On exit  : 0/0
  4216 ;;		Unchanged: 0/0
  4217 ;; Data sizes:     COMRAM   BANK0   BANK1   BANK2   BANK3   BANK4   BANK5
  4218 ;;      Params:         2       0       0       0       0       0       0
  4219 ;;      Locals:         2       0       0       0       0       0       0
  4220 ;;      Temps:          1       0       0       0       0       0       0
  4221 ;;      Totals:         5       0       0       0       0       0       0
  4222 ;;Total ram usage:        5 bytes
  4223 ;; Hardware stack levels used: 1
  4224 ;; Hardware stack levels required when called: 1
  4225 ;; This function calls:
  4226 ;;		_I2C_Read
  4227 ;;		_I2C_Restart
  4228 ;;		_I2C_Start
  4229 ;;		_I2C_Stop
  4230 ;;		_I2C_Write
  4231 ;; This function is called by:
  4232 ;;		_BMP180_Calculate
  4233 ;; This function uses a non-reentrant model
  4234 ;;
  4235                           
  4236                           	psect	text17
  4237   001B30                     __ptext17:
  4238                           	callstack 0
  4239   001B30                     _BMP180_ReadUT:
  4240                           	callstack 28
  4241   001B30                     
  4242                           ;kurssss.c: 239:     unsigned int ut;;kurssss.c: 242:     I2C_Start();
  4243   001B30  EC74  F00E         	call	_I2C_Start	;wreg free
  4244   001B34                     
  4245                           ;kurssss.c: 243:     I2C_Write(0x77 << 1);
  4246   001B34  0EEE               	movlw	238
  4247   001B36  EC48  F00E         	call	_I2C_Write
  4248   001B3A                     
  4249                           ;kurssss.c: 244:     I2C_Write(0xF4);
  4250   001B3A  0EF4               	movlw	244
  4251   001B3C  EC48  F00E         	call	_I2C_Write
  4252   001B40                     
  4253                           ;kurssss.c: 245:     I2C_Write(0x2E);
  4254   001B40  0E2E               	movlw	46
  4255   001B42  EC48  F00E         	call	_I2C_Write
  4256   001B46                     
  4257                           ;kurssss.c: 246:     I2C_Stop();
  4258   001B46  EC6B  F00E         	call	_I2C_Stop	;wreg free
  4259   001B4A                     
  4260                           ;kurssss.c: 248:     _delay((unsigned long)((5)*(4000000/4000.0)));
  4261   001B4A  0E07               	movlw	7
  4262   001B4C  6E04               	movwf	??_BMP180_ReadUT^0,c
  4263   001B4E  0E7D               	movlw	125
  4264   001B50                     u1437:
  4265   001B50  2EE8               	decfsz	wreg,f,c
  4266   001B52  D7FE               	bra	u1437
  4267   001B54  2E04               	decfsz	??_BMP180_ReadUT^0,f,c
  4268   001B56  D7FC               	bra	u1437
  4269   001B58  0000               	nop	
  4270                           
  4271                           ;kurssss.c: 251:     I2C_Start();
  4272   001B5A  EC74  F00E         	call	_I2C_Start	;wreg free
  4273   001B5E                     
  4274                           ;kurssss.c: 252:     I2C_Write(0x77 << 1);
  4275   001B5E  0EEE               	movlw	238
  4276   001B60  EC48  F00E         	call	_I2C_Write
  4277   001B64                     
  4278                           ;kurssss.c: 253:     I2C_Write(0xF6);
  4279   001B64  0EF6               	movlw	246
  4280   001B66  EC48  F00E         	call	_I2C_Write
  4281                           
  4282                           ;kurssss.c: 254:     I2C_Restart();
  4283   001B6A  EC7D  F00E         	call	_I2C_Restart	;wreg free
  4284   001B6E                     
  4285                           ;kurssss.c: 255:     I2C_Write((0x77 << 1) | 1);
  4286   001B6E  0EEF               	movlw	239
  4287   001B70  EC48  F00E         	call	_I2C_Write
  4288   001B74                     
  4289                           ;kurssss.c: 256:     ut = I2C_Read(0) << 8;
  4290   001B74  0E00               	movlw	0
  4291   001B76  EC1C  F00E         	call	_I2C_Read
  4292   001B7A  6E06               	movwf	(BMP180_ReadUT@ut+1)^0,c
  4293   001B7C  6A05               	clrf	BMP180_ReadUT@ut^0,c
  4294   001B7E                     
  4295                           ;kurssss.c: 257:     ut |= I2C_Read(1);
  4296   001B7E  0E01               	movlw	1
  4297   001B80  EC1C  F00E         	call	_I2C_Read
  4298   001B84  6E04               	movwf	??_BMP180_ReadUT^0,c
  4299   001B86  5004               	movf	??_BMP180_ReadUT^0,w,c
  4300   001B88  1205               	iorwf	BMP180_ReadUT@ut^0,f,c
  4301   001B8A                     
  4302                           ;kurssss.c: 258:     I2C_Stop();
  4303   001B8A  EC6B  F00E         	call	_I2C_Stop	;wreg free
  4304   001B8E                     
  4305                           ;kurssss.c: 260:     return ut;
  4306   001B8E  C005  F002         	movff	BMP180_ReadUT@ut,?_BMP180_ReadUT
  4307   001B92  C006  F003         	movff	BMP180_ReadUT@ut+1,?_BMP180_ReadUT+1
  4308   001B96  0012               	return		;funcret
  4309   001B98                     __end_of_BMP180_ReadUT:
  4310                           	callstack 0
  4311                           
  4312 ;; *************** function _BMP180_ReadUP *****************
  4313 ;; Defined at:
  4314 ;;		line 264 in file "kurssss.c"
  4315 ;; Parameters:    Size  Location     Type
  4316 ;;		None
  4317 ;; Auto vars:     Size  Location     Type
  4318 ;;  up              4   10[COMRAM] unsigned long 
  4319 ;; Return value:  Size  Location     Type
  4320 ;;                  4    1[COMRAM] unsigned long 
  4321 ;; Registers used:
  4322 ;;		wreg, status,2, status,0, cstack
  4323 ;; Tracked objects:
  4324 ;;		On entry : 0/0
  4325 ;;		On exit  : 0/0
  4326 ;;		Unchanged: 0/0
  4327 ;; Data sizes:     COMRAM   BANK0   BANK1   BANK2   BANK3   BANK4   BANK5
  4328 ;;      Params:         4       0       0       0       0       0       0
  4329 ;;      Locals:         4       0       0       0       0       0       0
  4330 ;;      Temps:          5       0       0       0       0       0       0
  4331 ;;      Totals:        13       0       0       0       0       0       0
  4332 ;;Total ram usage:       13 bytes
  4333 ;; Hardware stack levels used: 1
  4334 ;; Hardware stack levels required when called: 1
  4335 ;; This function calls:
  4336 ;;		_I2C_Read
  4337 ;;		_I2C_Restart
  4338 ;;		_I2C_Start
  4339 ;;		_I2C_Stop
  4340 ;;		_I2C_Write
  4341 ;; This function is called by:
  4342 ;;		_BMP180_Calculate
  4343 ;; This function uses a non-reentrant model
  4344 ;;
  4345                           
  4346                           	psect	text18
  4347   0017AE                     __ptext18:
  4348                           	callstack 0
  4349   0017AE                     _BMP180_ReadUP:
  4350                           	callstack 28
  4351   0017AE                     
  4352                           ;kurssss.c: 265:     unsigned long up;;kurssss.c: 268:     I2C_Start();
  4353   0017AE  EC74  F00E         	call	_I2C_Start	;wreg free
  4354   0017B2                     
  4355                           ;kurssss.c: 269:     I2C_Write(0x77 << 1);
  4356   0017B2  0EEE               	movlw	238
  4357   0017B4  EC48  F00E         	call	_I2C_Write
  4358   0017B8                     
  4359                           ;kurssss.c: 270:     I2C_Write(0xF4);
  4360   0017B8  0EF4               	movlw	244
  4361   0017BA  EC48  F00E         	call	_I2C_Write
  4362   0017BE                     
  4363                           ;kurssss.c: 271:     I2C_Write(0x34 | (3 << 6));
  4364   0017BE  0EF4               	movlw	244
  4365   0017C0  EC48  F00E         	call	_I2C_Write
  4366   0017C4                     
  4367                           ;kurssss.c: 272:     I2C_Stop();
  4368   0017C4  EC6B  F00E         	call	_I2C_Stop	;wreg free
  4369   0017C8                     
  4370                           ;kurssss.c: 274:     _delay((unsigned long)((26)*(4000000/4000.0)));
  4371   0017C8  0E22               	movlw	34
  4372   0017CA  6E06               	movwf	??_BMP180_ReadUP^0,c
  4373   0017CC  0EC3               	movlw	195
  4374   0017CE                     u1447:
  4375   0017CE  2EE8               	decfsz	wreg,f,c
  4376   0017D0  D7FE               	bra	u1447
  4377   0017D2  2E06               	decfsz	??_BMP180_ReadUP^0,f,c
  4378   0017D4  D7FC               	bra	u1447
  4379   0017D6  0000               	nop	
  4380                           
  4381                           ;kurssss.c: 277:     I2C_Start();
  4382   0017D8  EC74  F00E         	call	_I2C_Start	;wreg free
  4383   0017DC                     
  4384                           ;kurssss.c: 278:     I2C_Write(0x77 << 1);
  4385   0017DC  0EEE               	movlw	238
  4386   0017DE  EC48  F00E         	call	_I2C_Write
  4387   0017E2                     
  4388                           ;kurssss.c: 279:     I2C_Write(0xF6);
  4389   0017E2  0EF6               	movlw	246
  4390   0017E4  EC48  F00E         	call	_I2C_Write
  4391                           
  4392                           ;kurssss.c: 280:     I2C_Restart();
  4393   0017E8  EC7D  F00E         	call	_I2C_Restart	;wreg free
  4394   0017EC                     
  4395                           ;kurssss.c: 281:     I2C_Write((0x77 << 1) | 1);
  4396   0017EC  0EEF               	movlw	239
  4397   0017EE  EC48  F00E         	call	_I2C_Write
  4398   0017F2                     
  4399                           ;kurssss.c: 282:     up = (unsigned long)I2C_Read(0) << 16;
  4400   0017F2  0E00               	movlw	0
  4401   0017F4  EC1C  F00E         	call	_I2C_Read
  4402   0017F8  6E06               	movwf	??_BMP180_ReadUP^0,c
  4403   0017FA  C006  F007         	movff	??_BMP180_ReadUP,??_BMP180_ReadUP+1
  4404   0017FE  6A08               	clrf	(??_BMP180_ReadUP+2)^0,c
  4405   001800  6A09               	clrf	(??_BMP180_ReadUP+3)^0,c
  4406   001802  6A0A               	clrf	(??_BMP180_ReadUP+4)^0,c
  4407   001804  C008  F00A         	movff	??_BMP180_ReadUP+2,??_BMP180_ReadUP+4
  4408   001808  C007  F009         	movff	??_BMP180_ReadUP+1,??_BMP180_ReadUP+3
  4409   00180C  6A08               	clrf	(??_BMP180_ReadUP+2)^0,c
  4410   00180E  6A07               	clrf	(??_BMP180_ReadUP+1)^0,c
  4411   001810  C007  F00B         	movff	??_BMP180_ReadUP+1,BMP180_ReadUP@up
  4412   001814  C008  F00C         	movff	??_BMP180_ReadUP+2,BMP180_ReadUP@up+1
  4413   001818  C009  F00D         	movff	??_BMP180_ReadUP+3,BMP180_ReadUP@up+2
  4414   00181C  C00A  F00E         	movff	??_BMP180_ReadUP+4,BMP180_ReadUP@up+3
  4415   001820                     
  4416                           ;kurssss.c: 283:     up |= (unsigned long)I2C_Read(0) << 8;
  4417   001820  0E00               	movlw	0
  4418   001822  EC1C  F00E         	call	_I2C_Read
  4419   001826  6E06               	movwf	??_BMP180_ReadUP^0,c
  4420   001828  C006  F007         	movff	??_BMP180_ReadUP,??_BMP180_ReadUP+1
  4421   00182C  6A08               	clrf	(??_BMP180_ReadUP+2)^0,c
  4422   00182E  6A09               	clrf	(??_BMP180_ReadUP+3)^0,c
  4423   001830  6A0A               	clrf	(??_BMP180_ReadUP+4)^0,c
  4424   001832  C009  F00A         	movff	??_BMP180_ReadUP+3,??_BMP180_ReadUP+4
  4425   001836  C008  F009         	movff	??_BMP180_ReadUP+2,??_BMP180_ReadUP+3
  4426   00183A  C007  F008         	movff	??_BMP180_ReadUP+1,??_BMP180_ReadUP+2
  4427   00183E  6A07               	clrf	(??_BMP180_ReadUP+1)^0,c
  4428   001840  5007               	movf	(??_BMP180_ReadUP+1)^0,w,c
  4429   001842  120B               	iorwf	BMP180_ReadUP@up^0,f,c
  4430   001844  5008               	movf	(??_BMP180_ReadUP+2)^0,w,c
  4431   001846  120C               	iorwf	(BMP180_ReadUP@up+1)^0,f,c
  4432   001848  5009               	movf	(??_BMP180_ReadUP+3)^0,w,c
  4433   00184A  120D               	iorwf	(BMP180_ReadUP@up+2)^0,f,c
  4434   00184C  500A               	movf	(??_BMP180_ReadUP+4)^0,w,c
  4435   00184E  120E               	iorwf	(BMP180_ReadUP@up+3)^0,f,c
  4436   001850                     
  4437                           ;kurssss.c: 284:     up |= I2C_Read(1);
  4438   001850  0E01               	movlw	1
  4439   001852  EC1C  F00E         	call	_I2C_Read
  4440   001856  6E06               	movwf	??_BMP180_ReadUP^0,c
  4441   001858  5006               	movf	??_BMP180_ReadUP^0,w,c
  4442   00185A  120B               	iorwf	BMP180_ReadUP@up^0,f,c
  4443   00185C                     
  4444                           ;kurssss.c: 285:     I2C_Stop();
  4445   00185C  EC6B  F00E         	call	_I2C_Stop	;wreg free
  4446   001860                     
  4447                           ;kurssss.c: 287:     up >>= (8 - 3);
  4448   001860  0E05               	movlw	5
  4449   001862  6E06               	movwf	??_BMP180_ReadUP^0,c
  4450   001864                     u1165:
  4451   001864  90D8               	bcf	status,0,c
  4452   001866  320E               	rrcf	(BMP180_ReadUP@up+3)^0,f,c
  4453   001868  320D               	rrcf	(BMP180_ReadUP@up+2)^0,f,c
  4454   00186A  320C               	rrcf	(BMP180_ReadUP@up+1)^0,f,c
  4455   00186C  320B               	rrcf	BMP180_ReadUP@up^0,f,c
  4456   00186E  2E06               	decfsz	??_BMP180_ReadUP^0,f,c
  4457   001870  EF32  F00C         	goto	u1165
  4458   001874                     
  4459                           ;kurssss.c: 289:     return up;
  4460   001874  C00B  F002         	movff	BMP180_ReadUP@up,?_BMP180_ReadUP
  4461   001878  C00C  F003         	movff	BMP180_ReadUP@up+1,?_BMP180_ReadUP+1
  4462   00187C  C00D  F004         	movff	BMP180_ReadUP@up+2,?_BMP180_ReadUP+2
  4463   001880  C00E  F005         	movff	BMP180_ReadUP@up+3,?_BMP180_ReadUP+3
  4464   001884  0012               	return		;funcret
  4465   001886                     __end_of_BMP180_ReadUP:
  4466                           	callstack 0
  4467                           
  4468 ;; *************** function _I2C_Write *****************
  4469 ;; Defined at:
  4470 ;;		line 101 in file "kurssss.c"
  4471 ;; Parameters:    Size  Location     Type
  4472 ;;  data            1    wreg     unsigned char 
  4473 ;; Auto vars:     Size  Location     Type
  4474 ;;  data            1    0[COMRAM] unsigned char 
  4475 ;; Return value:  Size  Location     Type
  4476 ;;                  1    wreg      void 
  4477 ;; Registers used:
  4478 ;;		wreg
  4479 ;; Tracked objects:
  4480 ;;		On entry : 0/0
  4481 ;;		On exit  : 0/0
  4482 ;;		Unchanged: 0/0
  4483 ;; Data sizes:     COMRAM   BANK0   BANK1   BANK2   BANK3   BANK4   BANK5
  4484 ;;      Params:         0       0       0       0       0       0       0
  4485 ;;      Locals:         1       0       0       0       0       0       0
  4486 ;;      Temps:          0       0       0       0       0       0       0
  4487 ;;      Totals:         1       0       0       0       0       0       0
  4488 ;;Total ram usage:        1 bytes
  4489 ;; Hardware stack levels used: 1
  4490 ;; This function calls:
  4491 ;;		Nothing
  4492 ;; This function is called by:
  4493 ;;		_BMP180_ReadCalibration
  4494 ;;		_BMP180_ReadUT
  4495 ;;		_BMP180_ReadUP
  4496 ;; This function uses a non-reentrant model
  4497 ;;
  4498                           
  4499                           	psect	text19
  4500   001C90                     __ptext19:
  4501                           	callstack 0
  4502   001C90                     _I2C_Write:
  4503                           	callstack 28
  4504                           
  4505                           ;incstack = 0
  4506                           ;I2C_Write@data stored from wreg
  4507   001C90  6E01               	movwf	I2C_Write@data^0,c
  4508   001C92                     
  4509                           ;kurssss.c: 102:     SSPBUF = data;
  4510   001C92  C001  FFC9         	movff	I2C_Write@data,4041	;volatile
  4511   001C96                     l83:
  4512   001C96  B0C7               	btfsc	199,0,c	;volatile
  4513   001C98  EF50  F00E         	goto	u971
  4514   001C9C  EF52  F00E         	goto	u970
  4515   001CA0                     u971:
  4516   001CA0  EF4B  F00E         	goto	l83
  4517   001CA4                     u970:
  4518   001CA4                     l86:
  4519   001CA4  BCC5               	btfsc	197,6,c	;volatile
  4520   001CA6  EF57  F00E         	goto	u981
  4521   001CAA  EF59  F00E         	goto	u980
  4522   001CAE                     u981:
  4523   001CAE  EF52  F00E         	goto	l86
  4524   001CB2                     u980:
  4525   001CB2  0012               	return		;funcret
  4526   001CB4                     __end_of_I2C_Write:
  4527                           	callstack 0
  4528                           
  4529 ;; *************** function _I2C_Stop *****************
  4530 ;; Defined at:
  4531 ;;		line 96 in file "kurssss.c"
  4532 ;; Parameters:    Size  Location     Type
  4533 ;;		None
  4534 ;; Auto vars:     Size  Location     Type
  4535 ;;		None
  4536 ;; Return value:  Size  Location     Type
  4537 ;;                  1    wreg      void 
  4538 ;; Registers used:
  4539 ;;		None
  4540 ;; Tracked objects:
  4541 ;;		On entry : 0/0
  4542 ;;		On exit  : 0/0
  4543 ;;		Unchanged: 0/0
  4544 ;; Data sizes:     COMRAM   BANK0   BANK1   BANK2   BANK3   BANK4   BANK5
  4545 ;;      Params:         0       0       0       0       0       0       0
  4546 ;;      Locals:         0       0       0       0       0       0       0
  4547 ;;      Temps:          0       0       0       0       0       0       0
  4548 ;;      Totals:         0       0       0       0       0       0       0
  4549 ;;Total ram usage:        0 bytes
  4550 ;; Hardware stack levels used: 1
  4551 ;; This function calls:
  4552 ;;		Nothing
  4553 ;; This function is called by:
  4554 ;;		_BMP180_ReadCalibration
  4555 ;;		_BMP180_ReadUT
  4556 ;;		_BMP180_ReadUP
  4557 ;; This function uses a non-reentrant model
  4558 ;;
  4559                           
  4560                           	psect	text20
  4561   001CD6                     __ptext20:
  4562                           	callstack 0
  4563   001CD6                     _I2C_Stop:
  4564                           	callstack 28
  4565   001CD6                     
  4566                           ;kurssss.c: 97:     SSPCON2bits.PEN = 1;
  4567   001CD6  84C5               	bsf	197,2,c	;volatile
  4568   001CD8                     l77:
  4569   001CD8  B4C5               	btfsc	197,2,c	;volatile
  4570   001CDA  EF71  F00E         	goto	u961
  4571   001CDE  EF73  F00E         	goto	u960
  4572   001CE2                     u961:
  4573   001CE2  EF6C  F00E         	goto	l77
  4574   001CE6                     u960:
  4575   001CE6  0012               	return		;funcret
  4576   001CE8                     __end_of_I2C_Stop:
  4577                           	callstack 0
  4578                           
  4579 ;; *************** function _I2C_Start *****************
  4580 ;; Defined at:
  4581 ;;		line 86 in file "kurssss.c"
  4582 ;; Parameters:    Size  Location     Type
  4583 ;;		None
  4584 ;; Auto vars:     Size  Location     Type
  4585 ;;		None
  4586 ;; Return value:  Size  Location     Type
  4587 ;;                  1    wreg      void 
  4588 ;; Registers used:
  4589 ;;		None
  4590 ;; Tracked objects:
  4591 ;;		On entry : 0/0
  4592 ;;		On exit  : 0/0
  4593 ;;		Unchanged: 0/0
  4594 ;; Data sizes:     COMRAM   BANK0   BANK1   BANK2   BANK3   BANK4   BANK5
  4595 ;;      Params:         0       0       0       0       0       0       0
  4596 ;;      Locals:         0       0       0       0       0       0       0
  4597 ;;      Temps:          0       0       0       0       0       0       0
  4598 ;;      Totals:         0       0       0       0       0       0       0
  4599 ;;Total ram usage:        0 bytes
  4600 ;; Hardware stack levels used: 1
  4601 ;; This function calls:
  4602 ;;		Nothing
  4603 ;; This function is called by:
  4604 ;;		_BMP180_ReadCalibration
  4605 ;;		_BMP180_ReadUT
  4606 ;;		_BMP180_ReadUP
  4607 ;; This function uses a non-reentrant model
  4608 ;;
  4609                           
  4610                           	psect	text21
  4611   001CE8                     __ptext21:
  4612                           	callstack 0
  4613   001CE8                     _I2C_Start:
  4614                           	callstack 28
  4615   001CE8                     
  4616                           ;kurssss.c: 87:     SSPCON2bits.SEN = 1;
  4617   001CE8  80C5               	bsf	197,0,c	;volatile
  4618   001CEA                     l65:
  4619   001CEA  B0C5               	btfsc	197,0,c	;volatile
  4620   001CEC  EF7A  F00E         	goto	u941
  4621   001CF0  EF7C  F00E         	goto	u940
  4622   001CF4                     u941:
  4623   001CF4  EF75  F00E         	goto	l65
  4624   001CF8                     u940:
  4625   001CF8  0012               	return		;funcret
  4626   001CFA                     __end_of_I2C_Start:
  4627                           	callstack 0
  4628                           
  4629 ;; *************** function _I2C_Restart *****************
  4630 ;; Defined at:
  4631 ;;		line 91 in file "kurssss.c"
  4632 ;; Parameters:    Size  Location     Type
  4633 ;;		None
  4634 ;; Auto vars:     Size  Location     Type
  4635 ;;		None
  4636 ;; Return value:  Size  Location     Type
  4637 ;;                  1    wreg      void 
  4638 ;; Registers used:
  4639 ;;		None
  4640 ;; Tracked objects:
  4641 ;;		On entry : 0/0
  4642 ;;		On exit  : 0/0
  4643 ;;		Unchanged: 0/0
  4644 ;; Data sizes:     COMRAM   BANK0   BANK1   BANK2   BANK3   BANK4   BANK5
  4645 ;;      Params:         0       0       0       0       0       0       0
  4646 ;;      Locals:         0       0       0       0       0       0       0
  4647 ;;      Temps:          0       0       0       0       0       0       0
  4648 ;;      Totals:         0       0       0       0       0       0       0
  4649 ;;Total ram usage:        0 bytes
  4650 ;; Hardware stack levels used: 1
  4651 ;; This function calls:
  4652 ;;		Nothing
  4653 ;; This function is called by:
  4654 ;;		_BMP180_ReadCalibration
  4655 ;;		_BMP180_ReadUT
  4656 ;;		_BMP180_ReadUP
  4657 ;; This function uses a non-reentrant model
  4658 ;;
  4659                           
  4660                           	psect	text22
  4661   001CFA                     __ptext22:
  4662                           	callstack 0
  4663   001CFA                     _I2C_Restart:
  4664                           	callstack 28
  4665   001CFA                     
  4666                           ;kurssss.c: 92:     SSPCON2bits.RSEN = 1;
  4667   001CFA  82C5               	bsf	197,1,c	;volatile
  4668   001CFC                     l71:
  4669   001CFC  B2C5               	btfsc	197,1,c	;volatile
  4670   001CFE  EF83  F00E         	goto	u951
  4671   001D02  EF85  F00E         	goto	u950
  4672   001D06                     u951:
  4673   001D06  EF7E  F00E         	goto	l71
  4674   001D0A                     u950:
  4675   001D0A  0012               	return		;funcret
  4676   001D0C                     __end_of_I2C_Restart:
  4677                           	callstack 0
  4678                           
  4679 ;; *************** function _I2C_Read *****************
  4680 ;; Defined at:
  4681 ;;		line 108 in file "kurssss.c"
  4682 ;; Parameters:    Size  Location     Type
  4683 ;;  ack             1    wreg     unsigned char 
  4684 ;; Auto vars:     Size  Location     Type
  4685 ;;  ack             1    0[COMRAM] unsigned char 
  4686 ;; Return value:  Size  Location     Type
  4687 ;;                  1    wreg      unsigned char 
  4688 ;; Registers used:
  4689 ;;		wreg, status,2
  4690 ;; Tracked objects:
  4691 ;;		On entry : 0/0
  4692 ;;		On exit  : 0/0
  4693 ;;		Unchanged: 0/0
  4694 ;; Data sizes:     COMRAM   BANK0   BANK1   BANK2   BANK3   BANK4   BANK5
  4695 ;;      Params:         0       0       0       0       0       0       0
  4696 ;;      Locals:         1       0       0       0       0       0       0
  4697 ;;      Temps:          0       0       0       0       0       0       0
  4698 ;;      Totals:         1       0       0       0       0       0       0
  4699 ;;Total ram usage:        1 bytes
  4700 ;; Hardware stack levels used: 1
  4701 ;; This function calls:
  4702 ;;		Nothing
  4703 ;; This function is called by:
  4704 ;;		_BMP180_ReadCalibration
  4705 ;;		_BMP180_ReadUT
  4706 ;;		_BMP180_ReadUP
  4707 ;; This function uses a non-reentrant model
  4708 ;;
  4709                           
  4710                           	psect	text23
  4711   001C38                     __ptext23:
  4712                           	callstack 0
  4713   001C38                     _I2C_Read:
  4714                           	callstack 28
  4715                           
  4716                           ;incstack = 0
  4717                           ;I2C_Read@ack stored from wreg
  4718   001C38  6E01               	movwf	I2C_Read@ack^0,c
  4719   001C3A                     
  4720                           ;kurssss.c: 109:     SSPCON2bits.RCEN = 1;
  4721   001C3A  86C5               	bsf	197,3,c	;volatile
  4722   001C3C                     l92:
  4723   001C3C  A0C7               	btfss	199,0,c	;volatile
  4724   001C3E  EF23  F00E         	goto	u991
  4725   001C42  EF25  F00E         	goto	u990
  4726   001C46                     u991:
  4727   001C46  EF1E  F00E         	goto	l92
  4728   001C4A                     u990:
  4729   001C4A                     
  4730                           ;kurssss.c: 111:     SSPCON2bits.ACKDT = ack;
  4731   001C4A  B001               	btfsc	I2C_Read@ack^0,0,c
  4732   001C4C  D002               	bra	u1005
  4733   001C4E  9AC5               	bcf	197,5,c	;volatile
  4734   001C50  D001               	bra	u1006
  4735   001C52                     u1005:
  4736   001C52  8AC5               	bsf	197,5,c	;volatile
  4737   001C54                     u1006:
  4738   001C54                     
  4739                           ;kurssss.c: 112:     SSPCON2bits.ACKEN = 1;
  4740   001C54  88C5               	bsf	197,4,c	;volatile
  4741   001C56                     l95:
  4742   001C56  B8C5               	btfsc	197,4,c	;volatile
  4743   001C58  EF30  F00E         	goto	u1011
  4744   001C5C  EF32  F00E         	goto	u1010
  4745   001C60                     u1011:
  4746   001C60  EF2B  F00E         	goto	l95
  4747   001C64                     u1010:
  4748   001C64                     
  4749                           ;kurssss.c: 114:     return SSPBUF;
  4750   001C64  50C9               	movf	201,w,c	;volatile
  4751   001C66  0012               	return		;funcret
  4752   001C68                     __end_of_I2C_Read:
  4753                           	callstack 0
  4754                           
  4755                           	psect	rparam
  4756   000001                     ___rparam_used  equ	1
  4757   000000                     ___param_bank   equ	0
  4758   000000                     __Lparam        equ	__Lrparam
  4759   000000                     __Hparam        equ	__Hrparam
  4760                           
  4761                           	psect	idloc
  4762                           
  4763                           ;Config register IDLOC0 @ 0x200000
  4764                           ;	unspecified, using default values
  4765   200000                     	org	2097152
  4766   200000  FF                 	db	255
  4767                           
  4768                           ;Config register IDLOC1 @ 0x200001
  4769                           ;	unspecified, using default values
  4770   200001                     	org	2097153
  4771   200001  FF                 	db	255
  4772                           
  4773                           ;Config register IDLOC2 @ 0x200002
  4774                           ;	unspecified, using default values
  4775   200002                     	org	2097154
  4776   200002  FF                 	db	255
  4777                           
  4778                           ;Config register IDLOC3 @ 0x200003
  4779                           ;	unspecified, using default values
  4780   200003                     	org	2097155
  4781   200003  FF                 	db	255
  4782                           
  4783                           ;Config register IDLOC4 @ 0x200004
  4784                           ;	unspecified, using default values
  4785   200004                     	org	2097156
  4786   200004  FF                 	db	255
  4787                           
  4788                           ;Config register IDLOC5 @ 0x200005
  4789                           ;	unspecified, using default values
  4790   200005                     	org	2097157
  4791   200005  FF                 	db	255
  4792                           
  4793                           ;Config register IDLOC6 @ 0x200006
  4794                           ;	unspecified, using default values
  4795   200006                     	org	2097158
  4796   200006  FF                 	db	255
  4797                           
  4798                           ;Config register IDLOC7 @ 0x200007
  4799                           ;	unspecified, using default values
  4800   200007                     	org	2097159
  4801   200007  FF                 	db	255
  4802                           
  4803                           	psect	config
  4804                           
  4805                           ; Padding undefined space
  4806   300000                     	org	3145728
  4807   300000  FF                 	db	255
  4808                           
  4809                           ;Config register CONFIG1H @ 0x300001
  4810                           ;	Oscillator Selection bits
  4811                           ;	OSC = HS, HS oscillator
  4812                           ;	Fail-Safe Clock Monitor Enable bit
  4813                           ;	FCMEN = 0x0, unprogrammed default
  4814                           ;	Internal/External Oscillator Switchover bit
  4815                           ;	IESO = 0x0, unprogrammed default
  4816   300001                     	org	3145729
  4817   300001  02                 	db	2
  4818                           
  4819                           ;Config register CONFIG2L @ 0x300002
  4820                           ;	unspecified, using default values
  4821                           ;	Power-up Timer Enable bit
  4822                           ;	PWRT = 0x1, unprogrammed default
  4823                           ;	Brown-out Reset Enable bits
  4824                           ;	BOREN = 0x3, unprogrammed default
  4825                           ;	Brown Out Reset Voltage bits
  4826                           ;	BORV = 0x3, unprogrammed default
  4827   300002                     	org	3145730
  4828   300002  1F                 	db	31
  4829                           
  4830                           ;Config register CONFIG2H @ 0x300003
  4831                           ;	Watchdog Timer Enable bit
  4832                           ;	WDT = OFF, WDT disabled (control is placed on the SWDTEN bit)
  4833                           ;	Watchdog Timer Postscale Select bits
  4834                           ;	WDTPS = 0xF, unprogrammed default
  4835   300003                     	org	3145731
  4836   300003  1E                 	db	30
  4837                           
  4838                           ; Padding undefined space
  4839   300004                     	org	3145732
  4840   300004  FF                 	db	255
  4841                           
  4842                           ;Config register CONFIG3H @ 0x300005
  4843                           ;	CCP2 MUX bit
  4844                           ;	CCP2MX = 0x1, unprogrammed default
  4845                           ;	PORTB A/D Enable bit
  4846                           ;	PBADEN = OFF, PORTB<4:0> pins are configured as digital I/O on Reset
  4847                           ;	Low-Power Timer1 Oscillator Enable bit
  4848                           ;	LPT1OSC = 0x0, unprogrammed default
  4849                           ;	MCLR Pin Enable bit
  4850                           ;	MCLRE = 0x1, unprogrammed default
  4851   300005                     	org	3145733
  4852   300005  81                 	db	129
  4853                           
  4854                           ;Config register CONFIG4L @ 0x300006
  4855                           ;	Stack Full/Underflow Reset Enable bit
  4856                           ;	STVREN = 0x1, unprogrammed default
  4857                           ;	Single-Supply ICSP Enable bit
  4858                           ;	LVP = OFF, Single-Supply ICSP disabled
  4859                           ;	Extended Instruction Set Enable bit
  4860                           ;	XINST = 0x0, unprogrammed default
  4861                           ;	Background Debugger Enable bit
  4862                           ;	DEBUG = 0x1, unprogrammed default
  4863   300006                     	org	3145734
  4864   300006  81                 	db	129
  4865                           
  4866                           ; Padding undefined space
  4867   300007                     	org	3145735
  4868   300007  FF                 	db	255
  4869                           
  4870                           ;Config register CONFIG5L @ 0x300008
  4871                           ;	unspecified, using default values
  4872                           ;	Code Protection bit
  4873                           ;	CP0 = 0x1, unprogrammed default
  4874                           ;	Code Protection bit
  4875                           ;	CP1 = 0x1, unprogrammed default
  4876                           ;	Code Protection bit
  4877                           ;	CP2 = 0x1, unprogrammed default
  4878                           ;	Code Protection bit
  4879                           ;	CP3 = 0x1, unprogrammed default
  4880   300008                     	org	3145736
  4881   300008  0F                 	db	15
  4882                           
  4883                           ;Config register CONFIG5H @ 0x300009
  4884                           ;	unspecified, using default values
  4885                           ;	Boot Block Code Protection bit
  4886                           ;	CPB = 0x1, unprogrammed default
  4887                           ;	Data EEPROM Code Protection bit
  4888                           ;	CPD = 0x1, unprogrammed default
  4889   300009                     	org	3145737
  4890   300009  C0                 	db	192
  4891                           
  4892                           ;Config register CONFIG6L @ 0x30000A
  4893                           ;	unspecified, using default values
  4894                           ;	Write Protection bit
  4895                           ;	WRT0 = 0x1, unprogrammed default
  4896                           ;	Write Protection bit
  4897                           ;	WRT1 = 0x1, unprogrammed default
  4898                           ;	Write Protection bit
  4899                           ;	WRT2 = 0x1, unprogrammed default
  4900                           ;	Write Protection bit
  4901                           ;	WRT3 = 0x1, unprogrammed default
  4902   30000A                     	org	3145738
  4903   30000A  0F                 	db	15
  4904                           
  4905                           ;Config register CONFIG6H @ 0x30000B
  4906                           ;	unspecified, using default values
  4907                           ;	Configuration Register Write Protection bit
  4908                           ;	WRTC = 0x1, unprogrammed default
  4909                           ;	Boot Block Write Protection bit
  4910                           ;	WRTB = 0x1, unprogrammed default
  4911                           ;	Data EEPROM Write Protection bit
  4912                           ;	WRTD = 0x1, unprogrammed default
  4913   30000B                     	org	3145739
  4914   30000B  E0                 	db	224
  4915                           
  4916                           ;Config register CONFIG7L @ 0x30000C
  4917                           ;	unspecified, using default values
  4918                           ;	Table Read Protection bit
  4919                           ;	EBTR0 = 0x1, unprogrammed default
  4920                           ;	Table Read Protection bit
  4921                           ;	EBTR1 = 0x1, unprogrammed default
  4922                           ;	Table Read Protection bit
  4923                           ;	EBTR2 = 0x1, unprogrammed default
  4924                           ;	Table Read Protection bit
  4925                           ;	EBTR3 = 0x1, unprogrammed default
  4926   30000C                     	org	3145740
  4927   30000C  0F                 	db	15
  4928                           
  4929                           ;Config register CONFIG7H @ 0x30000D
  4930                           ;	unspecified, using default values
  4931                           ;	Boot Block Table Read Protection bit
  4932                           ;	EBTRB = 0x1, unprogrammed default
  4933   30000D                     	org	3145741
  4934   30000D  40                 	db	64
  4935                           tosu	equ	0xFFF
  4936                           tosh	equ	0xFFE
  4937                           tosl	equ	0xFFD
  4938                           stkptr	equ	0xFFC
  4939                           pclatu	equ	0xFFB
  4940                           pclath	equ	0xFFA
  4941                           pcl	equ	0xFF9
  4942                           tblptru	equ	0xFF8
  4943                           tblptrh	equ	0xFF7
  4944                           tblptrl	equ	0xFF6
  4945                           tablat	equ	0xFF5
  4946                           prodh	equ	0xFF4
  4947                           prodl	equ	0xFF3
  4948                           indf0	equ	0xFEF
  4949                           postinc0	equ	0xFEE
  4950                           postdec0	equ	0xFED
  4951                           preinc0	equ	0xFEC
  4952                           plusw0	equ	0xFEB
  4953                           fsr0h	equ	0xFEA
  4954                           fsr0l	equ	0xFE9
  4955                           wreg	equ	0xFE8
  4956                           indf1	equ	0xFE7
  4957                           postinc1	equ	0xFE6
  4958                           postdec1	equ	0xFE5
  4959                           preinc1	equ	0xFE4
  4960                           plusw1	equ	0xFE3
  4961                           fsr1h	equ	0xFE2
  4962                           fsr1l	equ	0xFE1
  4963                           bsr	equ	0xFE0
  4964                           indf2	equ	0xFDF
  4965                           postinc2	equ	0xFDE
  4966                           postdec2	equ	0xFDD
  4967                           preinc2	equ	0xFDC
  4968                           plusw2	equ	0xFDB
  4969                           fsr2h	equ	0xFDA
  4970                           fsr2l	equ	0xFD9
  4971                           status	equ	0xFD8

Data Sizes:
    Strings     222
    Constant    0
    Data        0
    BSS         113
    Persistent  0
    Stack       0

Auto Spaces:
    Space          Size  Autos    Used
    COMRAM          127     95     126
    BANK0           128      0      82
    BANK1           256      0       0
    BANK2           256      0       0
    BANK3           256      0       0
    BANK4           256      0       0
    BANK5           256      0       0

Pointer List with Targets:

    BMP180_Calculate@pressure	PTR long  size(1) Largest target is 4
		 -> main@pressure(COMRAM[4]), 

    BMP180_Calculate@temperature	PTR long  size(1) Largest target is 4
		 -> main@temperature(COMRAM[4]), 

    f$.$buffer	PTR unsigned char  size(1) Largest target is 50
		 -> buffer(BANK0[50]), 

    f$.$source	PTR const unsigned char  size(2) Largest target is 0

    fputc@fp	PTR struct _IO_FILE size(1) Largest target is 11
		 -> sprintf@f(COMRAM[11]), 

    fputc@fp$.$buffer	PTR unsigned char  size(1) Largest target is 50
		 -> buffer(BANK0[50]), 

    fputc@fp$.$source	PTR const unsigned char  size(2) Largest target is 0

    S1053$buffer	PTR unsigned char  size(1) Largest target is 50
		 -> buffer(BANK0[50]), 

    S1053$source	PTR const unsigned char  size(2) Largest target is 0

    sprintf@ap	PTR void [1] size(1) Largest target is 2
		 -> ?_sprintf(COMRAM[2]), 

    sprintf@fmt	PTR const unsigned char  size(1) Largest target is 25
		 -> STR_5(CODE[18]), STR_6(CODE[25]), STR_7(CODE[19]), STR_8(CODE[22]), 

    sprintf@s	PTR unsigned char  size(1) Largest target is 50
		 -> buffer(BANK0[50]), 

    UART_SendString@text	PTR unsigned char  size(2) Largest target is 50
		 -> buffer(BANK0[50]), STR_1(CODE[41]), STR_2(CODE[30]), STR_3(CODE[38]), 
		 -> STR_4(CODE[29]), 

    vfpfcnvrt@ap	PTR PTR void  size(1) Largest target is 1
		 -> sprintf@ap(COMRAM[1]), 

    vfpfcnvrt@cp	PTR unsigned char  size(1) Largest target is 25
		 -> STR_5(CODE[18]), STR_6(CODE[25]), STR_7(CODE[19]), STR_8(CODE[22]), 

    vfpfcnvrt@fmt	PTR PTR unsigned char  size(1) Largest target is 1
		 -> vfprintf@cfmt(COMRAM[1]), 

    vfpfcnvrt@fp	PTR struct _IO_FILE size(1) Largest target is 11
		 -> sprintf@f(COMRAM[11]), 

    vfprintf@ap	PTR PTR void  size(1) Largest target is 1
		 -> sprintf@ap(COMRAM[1]), 

    vfprintf@cfmt	PTR unsigned char  size(1) Largest target is 25
		 -> STR_5(CODE[18]), STR_6(CODE[25]), STR_7(CODE[19]), STR_8(CODE[22]), 

    vfprintf@fmt	PTR const unsigned char  size(1) Largest target is 25
		 -> STR_5(CODE[18]), STR_6(CODE[25]), STR_7(CODE[19]), STR_8(CODE[22]), 

    vfprintf@fp	PTR struct _IO_FILE size(1) Largest target is 11
		 -> sprintf@f(COMRAM[11]), 


Critical Paths under _main in COMRAM

    _main->_BMP180_Calculate
    _sprintf->_vfprintf
    _vfprintf->_vfpfcnvrt
    _vfpfcnvrt->___aldiv
    _vfpfcnvrt->_abs
    _abs->___almod
    _BMP180_ReadCalibration->_I2C_Read
    _BMP180_ReadCalibration->_I2C_Write
    _BMP180_Calculate->_BMP180_ReadUP
    _BMP180_Calculate->___aldiv
    _BMP180_ReadUT->_I2C_Read
    _BMP180_ReadUT->_I2C_Write
    _BMP180_ReadUP->_I2C_Read
    _BMP180_ReadUP->_I2C_Write

Critical Paths under _main in BANK0

    None.

Critical Paths under _main in BANK1

    None.

Critical Paths under _main in BANK2

    None.

Critical Paths under _main in BANK3

    None.

Critical Paths under _main in BANK4

    None.

Critical Paths under _main in BANK5

    None.

Call Graph Tables:

 ---------------------------------------------------------------------------------
 (Depth) Function   	        Calls       Base Space   Used Autos Params    Refs
 ---------------------------------------------------------------------------------
 (0) _main                                                20    20      0    5018
                                             75 COMRAM    20    20      0
                   _BMP180_Calculate
             _BMP180_ReadCalibration
                               _Init
                    _UART_SendString
                            ___aldiv
                            ___almod
                            _sprintf
 ---------------------------------------------------------------------------------
 (1) _sprintf                                             24    14     10    2541
                                             30 COMRAM    22    12     10
                           _vfprintf
 ---------------------------------------------------------------------------------
 (2) _vfprintf                                             4     1      3    2328
                                             26 COMRAM     4     1      3
                          _vfpfcnvrt
 ---------------------------------------------------------------------------------
 (3) _vfpfcnvrt                                           12     9      3    2201
                                             14 COMRAM    12     9      3
                            ___aldiv
                            ___almod
                            ___lldiv
                            ___llmod
                                _abs
                              _fputc
 ---------------------------------------------------------------------------------
 (4) _fputc                                                8     5      3     232
                                              0 COMRAM     8     5      3
                              _putch
 ---------------------------------------------------------------------------------
 (5) _putch                                                1     1      0       0
 ---------------------------------------------------------------------------------
 (4) _abs                                                  4     2      2      67
                                             10 COMRAM     4     2      2
                            ___almod (ARG)
 ---------------------------------------------------------------------------------
 (4) ___llmod                                              9     1      8     161
                                              0 COMRAM     9     1      8
 ---------------------------------------------------------------------------------
 (4) ___almod                                             10     2      8     300
                                              0 COMRAM    10     2      8
 ---------------------------------------------------------------------------------
 (1) _UART_SendString                                      2     0      2      53
                                              0 COMRAM     2     0      2
 ---------------------------------------------------------------------------------
 (1) _Init                                                 1     1      0       0
                                              0 COMRAM     1     1      0
                           _I2C_Init
 ---------------------------------------------------------------------------------
 (2) _I2C_Init                                             0     0      0       0
 ---------------------------------------------------------------------------------
 (1) _BMP180_ReadCalibration                               1     1      0      58
                                              1 COMRAM     1     1      0
                           _I2C_Read
                        _I2C_Restart
                          _I2C_Start
                           _I2C_Stop
                          _I2C_Write
 ---------------------------------------------------------------------------------
 (1) _BMP180_Calculate                                    61    59      2    1529
                                             14 COMRAM    61    59      2
                      _BMP180_ReadUP
                      _BMP180_ReadUT
                            ___aldiv
                            ___lldiv
                             ___lmul
 ---------------------------------------------------------------------------------
 (2) ___lmul                                              12     4      8     116
                                              0 COMRAM    12     4      8
 ---------------------------------------------------------------------------------
 (4) ___lldiv                                             13     5      8     168
                                              0 COMRAM    13     5      8
 ---------------------------------------------------------------------------------
 (4) ___aldiv                                             14     6      8     308
                                              0 COMRAM    14     6      8
 ---------------------------------------------------------------------------------
 (2) _BMP180_ReadUT                                        5     3      2      82
                                              1 COMRAM     5     3      2
                           _I2C_Read
                        _I2C_Restart
                          _I2C_Start
                           _I2C_Stop
                          _I2C_Write
 ---------------------------------------------------------------------------------
 (2) _BMP180_ReadUP                                       13     9      4      84
                                              1 COMRAM    13     9      4
                           _I2C_Read
                        _I2C_Restart
                          _I2C_Start
                           _I2C_Stop
                          _I2C_Write
 ---------------------------------------------------------------------------------
 (3) _I2C_Write                                            1     1      0      29
                                              0 COMRAM     1     1      0
 ---------------------------------------------------------------------------------
 (3) _I2C_Stop                                             0     0      0       0
 ---------------------------------------------------------------------------------
 (3) _I2C_Start                                            0     0      0       0
 ---------------------------------------------------------------------------------
 (3) _I2C_Restart                                          0     0      0       0
 ---------------------------------------------------------------------------------
 (3) _I2C_Read                                             1     1      0      29
                                              0 COMRAM     1     1      0
 ---------------------------------------------------------------------------------
 Estimated maximum stack depth 5
 ---------------------------------------------------------------------------------

 Call Graph Graphs:

 _main (ROOT)
   _BMP180_Calculate
     _BMP180_ReadUP
       _I2C_Read
       _I2C_Restart
       _I2C_Start
       _I2C_Stop
       _I2C_Write
     _BMP180_ReadUT
       _I2C_Read
       _I2C_Restart
       _I2C_Start
       _I2C_Stop
       _I2C_Write
     ___aldiv
     ___lldiv
     ___lmul
   _BMP180_ReadCalibration
     _I2C_Read
     _I2C_Restart
     _I2C_Start
     _I2C_Stop
     _I2C_Write
   _Init
     _I2C_Init
   _UART_SendString
   ___aldiv
   ___almod
   _sprintf
     _vfprintf
       _vfpfcnvrt
         ___aldiv
         ___almod
         ___lldiv
         ___llmod
         _abs
           ___almod (ARG)
         _fputc
           _putch

Address spaces:
Name               Size   Autos  Total    Usage
BIGRAM            1535      0       0      0.0%
BITBANK5           256      0       0      0.0%
BANK5              256      0       0      0.0%
BITBANK4           256      0       0      0.0%
BANK4              256      0       0      0.0%
BITBANK3           256      0       0      0.0%
BANK3              256      0       0      0.0%
BITBANK2           256      0       0      0.0%
BANK2              256      0       0      0.0%
BITBANK1           256      0       0      0.0%
BANK1              256      0       0      0.0%
BITBANK0           128      0       0      0.0%
BANK0              128      0      82     64.1%
BITCOMRAM          127      0       0      0.0%
COMRAM             127     95     126     99.2%
BITBIGSFRh          82      0       0      0.0%
BITBIGSFRllh        22      0       0      0.0%
BITBIGSFRlll        20      0       0      0.0%
BITBIGSFRlh          1      0       0      0.0%
STACK                0      0       0      0.0%
DATA                 0      0     208      0.0%


Microchip Technology PIC18 Macro Assembler V3.10 build 20250813170317 
Symbol Table                                                                                   Sun Nov 16 18:53:47 2025

                   _SSPSTATbits 0FC7                              l62 1D18                              l71 1CFC  
                            l80 1CE6                              l65 1CEA                              l74 1D0A  
                            l83 1C96                              l59 1C8E                              l92 1C3C  
                            l68 1CF8                              l77 1CD8                              l86 1CA4  
                            l95 1C56                              l97 1C64                              l89 1CB2  
                            l98 1C66                              _b1 0070                              _b2 006E  
                            _b5 0060                              _mb 006C                              _mc 006A  
                            _md 0068                             l110 1400                             l103 1A60  
                           l120 0C60                             l113 1B96                             l121 0DD8  
                           l211 16C2                             l107 1AC4                             l116 1884  
                           l143 1B1E                             l144 1B2E                             l224 17AC  
                           l166 19D2                             l159 19C2                             l662 1A4A  
                           l920 1C36                             l669 1A5A                             l953 0E3C  
                           l992 1BD2                             l969 11C2                             l996 1BEE  
                           l999 1C06                             u710 1956                             u711 1952  
                           u720 1978                             u800 16D4                             u721 1974  
                           u801 16D0                             u730 19A0                             u810 16F6  
                           u731 199C                             u811 16F2                             u740 15CA  
                           u820 171C                             u900 18A6                             u741 15C6  
                           u821 1718                             u901 18A2                             u750 15EC  
                           u830 173E                             u910 18CC                             u751 15E8  
                           u831 173A                             u911 18C8                             u760 1626  
                           u840 175C                             u920 18FE                             u761 1622  
                           u841 1758                             u921 18FA                             u770 1648  
                           u850 178C                             u930 1BE2                             u771 1644  
                           u851 1788                             u931 1BDE                             u940 1CF8  
                           u780 1670                             u860 19EA                             u941 1CF4  
                           u781 166C                             u861 19E6                             u950 1D0A  
                           u790 16A2                             u870 1A0C                             u951 1D06  
                           u791 169E                             u871 1A08                             u960 1CE6  
                           u880 1A2A                             u961 1CE2                             u881 1A26  
                           u970 1CA4                             u890 1896                             u971 1CA0  
                           u891 1892                             u980 1CB2                             u981 1CAE  
                           u990 1C4A                             u991 1C46                             _ac1 007C  
                           _ac2 007A                             _ac3 0078                             _ac4 0076  
                           _ac5 0074                             _ac6 0072                             _abs 1BD4  
                           wreg 0FE8                 BMP180_ReadUP@up 000B                 BMP180_ReadUT@ut 0005  
                          l1011 192E                            l1022 1D1A                            l2000 11D8  
                          l2010 11FC                            l2002 11DE                            ?_abs 000B  
                          l2100 1344                            l2020 1228                            l2012 1202  
                          l2004 11E8                            l2110 1368                            l2102 134A  
                          l2030 1240                            l2022 122C                            l2014 1208  
                          l2006 11F4                            l2120 1394                            l2112 136E  
                          l2104 1354                            l2040 1264                            l2032 1246  
                          l2024 1230                            l2016 120C                            l2008 11F8  
                          l2130 13AC                            l2122 1398                            l2114 1374  
                          l2106 1360                            l2050 1290                            l2042 126A  
                          l2034 1250                            l2026 1236                            l2018 1212  
                          l2210 142C                            l2202 1402                            l2140 13D0  
                          l2132 13B2                            l2124 139C                            l2116 1378  
                          l2108 1364                            l2060 12A8                            l2052 1294  
                          l2044 1270                            l2036 125C                            l2028 123C  
                          l2220 1470                            l2212 1430                            l2204 1408  
                          l2150 13FC                            l2142 13D6                            l2134 13BC  
                          l2126 13A2                            l2118 137E                            l2070 12CC  
                          l2062 12AE                            l2054 1298                            l2046 1274  
                          l2038 1260                            l2230 1512                            l2222 1474  
                          l2214 1440                            l2206 140C                            l2160 0854  
                          l2152 06E0                            l2144 13DC                            l2136 13C8  
                          l2128 13A8                            l2080 12F8                            l2072 12D2  
                          l2064 12B8                            l2056 129E                            l2048 1284  
                          l2240 1592                            l2232 151C                            l2224 147E  
                          l2216 1450                            l2208 141C                            l2170 09FC  
                          l2162 08A6                            l2154 07D8                            l2146 13E0  
                          l2138 13CC                            l2090 1310                            l2082 12FC  
                          l2074 12D8                            l2066 12C4                            l2058 12A4  
                          l2242 159C                            l2234 1538                            l2226 14B2  
                          l2218 145C                            l2180 0BA2                            l2172 0A50  
                          l2164 08FA                            l2156 07F0                            l2148 13F0  
                          l2092 1316                            l2084 1300                            l2076 12E2  
                          l2068 12C8                            l1700 16C4                            l2236 1542  
                          l2228 14E6                            l2182 0BDE                            l2174 0AA2  
                          l2166 094E                            l2158 083C                            l2094 1320  
                          l2086 1306                            l2078 12EC                            l1710 16F6  
                          l1702 16C6                            l2190 1C08                            l2238 1576  
                          l1640 195E                            l2184 0BF0                            l2176 0AF6  
                          l2168 0966                            l2096 1334                            l2088 130C  
                          l1720 173E                            l1712 1706                            l1704 16D4  
                          l2192 1C10                            l1650 19B0                            l1642 196A  
                          l1634 1930                            l2186 0C2A                            l2178 0B54  
                          l2098 133A                            l1730 178C                            l1722 175C  
                          l1714 171C                            l1706 16E4                            l1810 0ECA  
                          l1802 0E42                            l2194 1C16                            l1900 1B4A  
                          l1660 15CA                            l1652 19B2                            l1644 1978  
                          l1636 1940                            l2188 0D5C                            l1732 179C  
                          l1724 176C                            l1716 1724                            l1708 16E8  
                          l1740 19F2                            l1820 0F12                            l1804 0E68  
                          l2196 1C1C                            l1910 1B7E                            l1902 1B5E  
                          l1670 1600                            l1662 15DA                            l1654 19BC  
                          l1646 1982                            l1638 1956                            l1726 1776  
                          l1718 1730                            l1750 1A44                            l1742 19FE  
                          l1830 0FC0                            l1822 0F26                            l1806 0E84  
                          l1814 0EEE                            l2198 1C2C                            l1920 17B2  
                          l1912 1B8A                            l1904 1B64                            l1680 1648  
                          l1672 1610                            l1664 15DE                            l1656 15BA  
                          l1648 19A0                            l1728 177C                            l1744 1A0C  
                          l1736 19D4                            l1760 18CC                            l1752 1886  
                          l1832 0FD0                            l1840 100E                            l1824 0F66  
                          l1816 0F04                            l1808 0EA4                            l1770 1CE8  
                          l1930 17DC                            l1922 17B8                            l1914 1B8E  
                          l1906 1B6E                            l1690 168C                            l1682 1652  
                          l1674 1626                            l1666 15EC                            l1658 15BC  
                          l1746 1A2A                            l1738 19EA                            l1762 18FE  
                          l1754 1896                            l1850 1090                            l1834 0FE0  
                          l1826 0F9A                            l1818 0F0E                            l1842 1024  
                          l1780 1C4A                            l1772 1CFA                            l1940 1850  
                          l1932 17E2                            l1924 17BE                            l1908 1B74  
                          l1684 1670                            l1676 162E                            l1692 1692  
                          l1668 15FC                            l1748 1A3A                            l1756 18A6  
                          l1860 1120                            l1852 10A6                            l1844 1044  
                          l1836 0FF2                            l1828 0FB0                            l1782 1C54  
                          l1774 1CD6                            l1942 185C                            l1934 17EC  
                          l1926 17C4                            l1918 17AE                            l1694 16A2  
                          l1686 1680                            l1678 163A                            l1950 1AC6  
                          l1766 1BD4                            l1758 18B0                            l1862 1136  
                          l1854 10B4                            l1846 106C                            l1838 100C  
                          l1790 0E0E                            l1776 1C92                            l1944 1860  
                          l1936 17F2                            l1928 17C8                            l1696 16B2  
                          l1688 1682                            l1952 1AD6                            l1768 1BE2  
                          l1864 114A                            l1856 10B8                            l1872 117C  
                          l1792 0E12                            l1784 0DDA                            l1960 1B98  
                          l1778 1C3A                            l1946 1874                            l1938 1820  
                          l1890 1B30                            l1954 1AE4                            l1970 1C68  
                          l1866 1164                            l1858 10EC                            l1874 1194  
                          l1794 0E1C                            l1786 0DFC                            l1962 1BA0  
                          l1892 1B34                            l1956 1AF4                            l1884 1D0C  
                          l1980 1C7A                            l1972 1C70                            l1868 1166  
                          l1796 0E2E                            l1788 0E04                            l1964 1BB0  
                          l1894 1B3A                            l1958 1AFE                            l1886 1D10  
                          l1982 1C7C                            l1974 1C74                            l1990 1A90  
                          l1798 0E34                            l1878 11A0                            l1966 1BCC  
                          l1896 1B40                            l1888 1D12                            l1984 1C80  
                          l1976 1C76                            l1992 1A94                            l1898 1B46  
                          l1994 11C4                            l1978 1C78                            l1986 1A5C  
                          l1996 11C8                            l1988 1A6E                            l1998 11CE  
                          STR_1 0601                            STR_2 0650                            STR_3 062A  
                          STR_4 066E                            STR_5 06CD                            STR_6 068B  
                          STR_7 06BA                            STR_8 06A4                            u1010 1C64  
                          u1011 1C60                            u1100 0FE0                            u1020 0DFC  
                          u1005 1C52                            u1101 0FDC                            u1021 0DF8  
                          u1006 1C54                            u1110 1020                            u1030 0E84  
                          u1111 101C                            u1031 0E80                            u1200 1A6E  
                          u1120 1040                            u1040 0EA0                            u1201 1A6A  
                          u1121 103C                            u1041 0E9C                            u1210 1A8E  
                          u1130 1136                            u1050 0F22                            u1131 1132  
                          u1051 0F1C                            u1220 1AB4                            u1140 1146  
                          u1060 0F24                            u1141 1142                            u1230 1AC4  
                          u1150 1178                            u1070 0FB0                            u1231 1AC0  
                          u1151 1174                            u1071 0FAC                            u1080 0FC0  
                          u1305 09AA                            u1217 1A84                            u1081 0FBC  
                          u1170 1AE4                            u1090 0FD0                            u1171 1AE0  
                          u1315 09D2                            u1227 1AAA                            u1091 0FCC  
                          u1180 1B1E                            u1316 09DC                            u1165 1864  
                          u1181 1B1A                            u1405 0D90                            u1325 0A26  
                          u1317 09EC                            u1245 073C                            u1406 0D9A  
                          u1326 0A30                            u1246 0746                            u1190 1BCC  
                          u1407 0DAA                            u1335 0A78                            u1327 0A40  
                          u1255 077A                            u1247 0756                            u1191 1BC8  
                          u1360 0B8C                            u1336 0A82                            u1345 0ACC  
                          u1337 0A92                            u1265 080C                            u1417 15A6  
                          u1370 0BF0                            u1346 0AD6                            u1266 0816  
                          u1371 0BEC                            u1355 0B2A                            u1347 0AE6  
                          u1275 087C                            u1267 0826                            u1427 1C86  
                          u1356 0B34                            u1276 0886                            u1437 1B50  
                          u1365 0B82                            u1357 0B44                            u1285 08D0  
                          u1277 0896                            u1286 08DA                            u1447 17CE  
                          u1295 0924                            u1287 08EA                            u1296 092E  
                          u1385 0CE0                            u1297 093E                            u1386 0CEA  
                          u1395 0D32                            u1387 0CFA                            u1396 0D3C  
                          u1397 0D4C                     main@counter 0052                            _Init 1C68  
                          abs@a 000B                            _dbuf 0080                            _main 1402  
                          _prec 0066                __end_of_I2C_Init 1D1A                __end_of_I2C_Read 1C68  
                          fsr1h 0FE2                            fsr2h 0FDA                            indf1 0FE7  
                          indf2 0FDF                            fsr1l 0FE1                            fsr2l 0FD9  
              __end_of_I2C_Stop 1CE8                            start 7FFC                    ___param_bank 0000  
       ?_BMP180_ReadCalibration 0001                           ??_abs 000D                           ?_Init 0001  
               __end_of___aldiv 16C4                 __end_of___almod 17AE                           ?_main 0001  
               __end_of___lldiv 19D4                 __end_of___llmod 1A5C                    vfpfcnvrt@fmt 0010  
                         _SPBRG 0FAF                           _TXREG 0FAD             ___lmul@multiplicand 0005  
                         _flags 007E                           _fputc 1886                           _width 0064  
                         _putch 1D1A               __end_of_I2C_Start 1CFA                ?_UART_SendString 0001  
             __end_of_I2C_Write 1CB4                           tablat 0FF5                    main@pressure 005C  
                         status 0FD8                 __end_of_sprintf 1C38  __end_of_BMP180_ReadCalibration 1402  
               __initialization 1CB4                    __end_of_Init 1C90        __end_of_BMP180_Calculate 0DDA  
                  __end_of_main 15BA                          ??_Init 0001                          ??_main 004C  
                 __activetblptr 0002                          ?_fputc 0001                ___llmod@dividend 0001  
                        ?_putch 0001                   vfpfcnvrt@done 0014                          _SSPADD 0FC8  
                        _SSPBUF 0FC9                    vfprintf@cfmt 001E                          ___lmul 1AC6  
                     ??___aldiv 0009                       ??___almod 0009                       ??___lldiv 0009  
                     ??___llmod 0009                          _buffer 00A0                          clear_0 1CBA  
                        clear_1 1CC6                          isa$std 0001                          fputc@c 0001  
                     ?_I2C_Init 0001                       ?_I2C_Read 0001                       ?_I2C_Stop 0001  
                  __mediumconst 0600                          tblptrh 0FF7                          tblptrl 0FF6  
                        tblptru 0FF8                          putch@c 0001                __end_of_vfprintf 1BD4  
                     ??_sprintf 0029                   _BMP180_ReadUP 17AE                   _BMP180_ReadUT 1B30  
                    __accesstop 0080         __end_of__initialization 1CCC                   ___rparam_used 0001  
                __pcstackCOMRAM 0001                   __end_of_fputc 1930                   __end_of_putch 1D1C  
                    ??_I2C_Init 0001                      ??_I2C_Read 0001                      ??_I2C_Stop 0001  
                       ??_fputc 0004                  ?_BMP180_ReadUP 0002                  ?_BMP180_ReadUT 0002  
                       ??_putch 0001                      __pbssBANK0 0080                         ?___lmul 0001  
                ___lmul@product 0009                   ??_I2C_Restart 0001                         _SSPCON1 0FC6  
                       _SSPCON2 0FC5                         _SSPSTAT 0FC7                       _I2C_Start 1CE8  
                     _I2C_Write 1C90                         __Hparam 0000                         __Lparam 0000  
                       ___aldiv 15BA                         ___almod 16C4               ?_BMP180_Calculate 000F  
                       ___lldiv 1930                         ___llmod 19D4                       ?_vfprintf 001B  
                  __psmallconst 0600                         __pcinit 1CB4              ??_BMP180_Calculate 0011  
                       __ramtop 0600                         __ptext0 1402                         __ptext1 1C08  
                       __ptext2 1B98                         __ptext3 0DDA                         __ptext4 1886  
                       __ptext5 1D1A                         __ptext6 1BD4                         __ptext7 19D4  
                       __ptext8 16C4                         __ptext9 1A5C                ___aldiv@dividend 0001  
               ??_BMP180_ReadUP 0006                 ??_BMP180_ReadUT 0004                         _sprintf 1C08  
           __end_of_I2C_Restart 1D0C            end_of_initialization 1CCC                         fputc@fp 0003  
                 __Lmediumconst 0000                      ?_I2C_Start 0001                      ?_I2C_Write 0001  
               ___lldiv@divisor 0005                 ___lldiv@counter 000D               __end_of_vfpfcnvrt 11C4  
                     _RCSTAbits 0FAB                ___aldiv@quotient 000B                         postdec2 0FDD  
                       postinc0 0FEE                         postinc1 0FE6                         postinc2 0FDE  
              vfpfcnvrt@convarg 0016                      ??_vfprintf 001E                       _TRISCbits 0F94  
                     _TXSTAbits 0FAC                  __end_of___lmul 1B30                     vfpfcnvrt@ap 0011  
                   vfpfcnvrt@cp 0015                     vfpfcnvrt@fp 000F                     _I2C_Restart 1CFA  
           start_initialization 1CB4                     __end_of_abs 1C08        ??_BMP180_ReadCalibration 0002  
               ___llmod@divisor 0005                     ??_I2C_Start 0001                 ___llmod@counter 0009  
                   ??_I2C_Write 0001                     vfprintf@fmt 001C                        ??___lmul 0009  
             ??_UART_SendString 0003                     __pbssCOMRAM 0060                       _main$1408 0054  
                     _main$1409 004E                     I2C_Read@ack 0001                        ?___aldiv 0001  
                      ?___almod 0001                        ?___lldiv 0001                        ?___llmod 0001  
              ___almod@dividend 0001        BMP180_Calculate@pressure 0010                     __smallconst 0600  
                      _I2C_Init 1D0C                        _I2C_Read 1C38                        _I2C_Stop 1CD6  
                      ?_sprintf 001F                 ___aldiv@divisor 0005                 ___aldiv@counter 0009  
                     _vfpfcnvrt 0DDA                      vfpfcnvrt@c 001A           __end_of_BMP180_ReadUP 1886  
         __end_of_BMP180_ReadUT 1B98               ___lmul@multiplier 0001                        __Hrparam 0000  
           UART_SendString@text 0001                      vfprintf@ap 001D                        __Lrparam 0000  
                    vfprintf@fp 001B                   I2C_Write@data 0001                      ?_vfpfcnvrt 000F  
        _BMP180_ReadCalibration 11C4     BMP180_Calculate@temperature 000F                    ?_I2C_Restart 0001  
                    sprintf@fmt 0020                        __ptext10 1C68                        __ptext11 1D0C  
                      __ptext20 1CD6                        __ptext12 11C4                        __ptext21 1CE8  
                      __ptext13 06E0                        __ptext22 1CFA                        __ptext14 1AC6  
                      __ptext23 1C38                        __ptext15 1930                        __ptext16 15BA  
                      __ptext17 1B30                        __ptext18 17AE                        __ptext19 1C90  
               ___almod@divisor 0005                 ___almod@counter 0009                 _UART_SendString 1A5C  
            BMP180_Calculate@b3 0028              BMP180_Calculate@b4 002C              BMP180_Calculate@b6 0044  
            BMP180_Calculate@b7 0038              BMP180_Calculate@x1 0048              BMP180_Calculate@x2 0040  
            BMP180_Calculate@x3 0030                        isa$xinst 0000              BMP180_Calculate@up 0024  
            BMP180_Calculate@ut 0020                        _vfprintf 1B98           _BMP180_Calculate$1407 0034  
               main@temperature 0058                _BMP180_Calculate 06E0                       sprintf@ap 0029  
              ___lldiv@dividend 0001               BMP180_Calculate@p 003C                     ??_vfpfcnvrt 0012  
                      sprintf@f 002A                        sprintf@s 001F                ___lldiv@quotient 0009  
                  ___aldiv@sign 000A                     _SSPCON2bits 0FC5         __end_of_UART_SendString 1AC6  
                  ___almod@sign 000A  
